de,it,he,ru,ar,fr,el,tr,en
von,das,auf,das,Y.,ein,Was,von,das,ich weiß,zum,ein,mit,ein,das,es ist,damit,es ist,Was,zum,Es war,Mehr,Nein,Ö,ihr,es,ebenfalls,auf,Komm herein,schon seit,Verweise,Es ist,Von,wo,Jahr,zuerst,ist,aber,bis um,Jahre,Ha,das,ohne,sein,während,Links,später,extern,Teil,seine,National,es war,haben,zuerst,ist,wann,Geschichte,diese,san,Finale,drei,Stadt, Dorf,Ja,groß,Zeit,einer,Andere,So,dort war,gleich,gegen,Gruppe,Aus der Sicht von,Bedingung,nach dem,gestalten,Spiel,Welt,unter,welche,können,Population,Platz,Name,höher,Wetter,Sie sind,Hochschule,Zustand,Montag,Neu,nur,Lebensdauer,finden,was ist mehr,Vor,Mannschaft,selbst wenn,Krieg,Allgemeines,Jahrhundert,sehr,und,zusammen,Vereinigt,Spanien,gewesen,bald,gemäß,Englisch,jeder,jeder,Mexiko,Embargo,alles,Serie,Während,Jahreszeit,Verein,Sie haben,Das,vier,zu,Juan,Neu,runden,Lied,Sie sind,sehen,Gemeinde,andere,diese,Kategorie,November,Januar,fällig,Nummer,Kann,Turnier,Java,Oktober,sicher,Baustelle,Fluss,Tag,System,Sein,Regierung,Juli,Album,Lied,so viel,Er hatte,Madrid,offiziell,zweite,Menschen,Dezember,Etwas,Land,Band,Provinz,Fußball,Juni,Job,diese,Beste,Familie,abspielen,März,Häuser,andere,er,WHO,Liga,April,Qualifikation,September,International,August,war,Meisterschaft,Tasse,gemacht,Februar,gesamt,folgenden,Norden,Rennen,Zone,Spieler,Sie können,innerhalb,wenig,Wikimedia,Spanisch,Santa,Sie,Zuhause,Joseph,Welt,verschiedene,Center,Kirche,dann,Population,es gibt,Einteilung,Schulleiter,zentral,Studien,Hälfte,Std,Argentinien,König,Auflage,Konto,durch,Real,Programm,Präsident,Viele,andere,Region,Politik,etwas,Tod,Ausführung,macht,Körper,ich hatte,etwas,neueste,Niveau,Wachstum,Theaterstücke,wichtig,amerikanisch,Preis-,Spezies,Auftrag,Vorderseite,setzt,gestartet,groß,Wawrinka,Bewegung,groß,Streichhölzer,zuerst,Seite? ˅,bereit,im Augenblick,Anzeigestil,lange,Frankreich,Weniger,ihr,Manuel,nett,fünf,benutzen,Recht,Carlos,alle,Direktor,Abteilung,Buch,Spiele,Land,Institut,Tage,Moment,das,Medien,Recht,Nachrichten,später,Studie,Heer,die meisten,km,Victoria,ist es so,anders,Original,Film,Daten,können,Entwurf,Kräfte,gut,Französisch,Quelle,mehrere,Schule,Kind,Quadrat,Epoche,Ende
a partire dal,il,sopra,il,Y,un,che cosa,di,il,lo so,per,un,con,un,il,suo,in modo da,è,Che cosa,al,Era,Di più,no,O,loro,esso,anche,sopra,Entra,da,Riferimenti,È,A partire dal,dove,anno,primo,è,ma,fino a,anni,ha,il,senza,essere,durante,collegamenti,dopo,esterno,parte,suo,nazionale,era,avere,primo,e,quando,storia,Questo,san,finale,tre,cittadina,sì,grande,tempo,uno,altri,Così,c&#39;era,stesso,contro,gruppo,in vista di,condizione,dopo,forma,incontro,mondo,sotto,quale,può,popolazione,posto,Nome,più alto,tempo metereologico,Li avevamo,Università,stato,Lunedi,nuovo,solo,tutta la vita,trova,Cosa c&#39;è di più,prima,squadra,anche se,guerra,generale,secolo,molto,e,insieme,Unito,Spagna,stato,presto,secondo,inglese,ogni,tutti,Messico,embargo,qualunque cosa,serie,Mentre,stagione,club,loro hanno,quella,quattro,verso,Juan,nuovo,il giro,canzone,Li avevamo,vedere,comune,altro,Questo,categoria,novembre,gennaio,dovuto,numero,Maggio,torneo,Giava,ottobre,sicuro,sito di costruzione,fiume,giorno,sistema,essere,governo,luglio,album,canzone,tanto,Lui aveva,Madrid,ufficiale,secondo,persone,dicembre,Alcuni,nazione,gruppo musicale,provincia,calcio,giugno,lavoro,questi,migliore,famiglia,giocare,marzo,case,altro,lui,Oms,lega,aprile,qualificazione,settembre,internazionale,agosto,era,campionato,Tazza,fatto,febbraio,totale,a seguire,Nord,gara,zona,Giocatori,loro possono,entro,poco,wikimedia,spagnolo,santa,essi,casa,Giuseppe,mondo,vari,centro,Chiesa,poi,popolazione,ci sono,divisione,principale,centrale,studi,metà,ore,Argentina,re,edizione,account,attraverso,vero,Programma,Presidente,Molti,altro,regione,politica,alcuni,Morte,versione,fa,Corpo,avevo,alcuni,ultimo,livello,crescita,gioca,importante,americano,premio,specie,ordine,davanti,imposta,iniziato,grande,wawrinka,movimento,grande,partite,primo,luogo,pronto,al momento,stile di visualizzazione,lungo,Francia,Di meno,sua,Manuel,genere,cinque,uso,giusto,Carlos,tutti,direttore,Dipartimento,libro,Giochi,terra,Istituto,giorni,momento,il,media,legge,notizia,dopo,studia,esercito,maggior parte,km,Victoria,è così,diverso,originale,film,dati,può,bozza,forze,bene,francese,fonte,parecchi,scuola,bambino,piazza,era,fine
מ,ה,עַל,ה,י,א,מה,שֶׁל,ה,אני יודע,ל,א,עם,א,ה,שֶׁלָה,כדי,זה,מה,אל ה,זה היה,יותר,לא,או,שֶׁלָהֶם,זה,גַם,עַל,היכנס,מאז,הפניות,זה,מ,איפה,שָׁנָה,ראשון,הוא,אבל,עד,שנים,חה,ה,לְלֹא,להיות,בְּמַהֲלָך,קישורים,יותר מאוחר,חיצוני,חֵלֶק,שֶׁלוֹ,לאומי,זה היה,יש,ראשון,הוא,מתי,כַּתָבָה,זֶה,סן,סופי,שְׁלוֹשָׁה,העיר,כן,גדול,זְמַן,אחד,אחרים,כך,היה,אותו,נגד,קְבוּצָה,בראי של,מַצָב,לאחר,צוּרָה,התאמה,עוֹלָם,תַחַת,איזה,פחית,אוּכְלוֹסִיָה,מקום,שֵׁם,גבוה יותר,מזג אוויר,הם היו,מִכלָלָה,מדינה,יוֹם שֵׁנִי,חָדָשׁ,רק,לכל החיים,למצוא,מה עוד,לפני,קְבוּצָה,אפילו אם,מִלחָמָה,כללי,מֵאָה,מאוד,ו,יַחַד,מאוחד,סְפָרַד,היה,בקרוב,לפי,אנגלית,כל אחד,כל אחד,מקסיקו,אֶמבַּרְגוֹ,הכל,סִדרָה,בזמן,עונה,מוֹעֲדוֹן,יש להם,זֶה,ארבע,לקראת,חואן,חָדָשׁ,עָגוֹל,שִׁיר,הם היו,לִרְאוֹת,עִירִיָה,אַחֵר,זֶה,קטגוריה,נוֹבֶמבֶּר,יָנוּאָר,בשל,מספר,מאי,טורניר,ג&#39;אווה,אוֹקְטוֹבֶּר,בטוח,אתר הבנייה,נהר,יְוֹם,מערכת,להיות,מֶמְשָׁלָה,יולי,אַלבּוֹם,שִׁיר,כל כך,היה לו,מדריד,רשמי,שְׁנִיָה,אֲנָשִׁים,דֵצֶמבֶּר,כמה,מדינה,לְהִתְאַגֵד,מָחוֹז,כדורגל,יוני,עבודה,אלה,הטוב ביותר,מִשׁפָּחָה,לְשַׂחֵק,מרץ,בתים,אַחֵר,הוא,מי,לִיגָה,אַפּרִיל,הכשרה,סֶפּטֶמבֶּר,בינלאומי,אוגוסט,היה,אַלִיפוּת,גָבִיעַ,עָשׂוּי,פברואר,סך הכל,הבא,צָפוֹן,גזע,אֵזוֹר,שחקנים,הם יכולים,בְּתוֹך,קטן,ויקימדיה,ספרדית,סנטה,הֵם,בית,יוסף,עוֹלָם,שׁוֹנִים,מֶרְכָּז,כְּנֵסִיָה,לאחר מכן,אוּכְלוֹסִיָה,יש,חֲלוּקָה,קֶרֶן,מֶרכָּזִי,לימודים,חֲצִי,שעה (ות,ארגנטינה,מלך,מַהֲדוּרָה,חֶשְׁבּוֹן,דרך,אמיתי,תכנית,נָשִׂיא,רב,אַחֵר,אזור,פּוֹלִיטִיקָה,כמה,מוות,גִרְסָה,עושה,גוּף,היה לי,כמה,הכי מאוחר,רָמָה,צְמִיחָה,מחזות,חָשׁוּב,אֲמֶרִיקָאִי,פרס,מִין,להזמין,חֲזִית,סטים,התחיל,גָדוֹל,וורינקה,תְנוּעָה,גדול,התאמות,ראשון,אֲתַר,מוּכָן,כרגע,סגנון תצוגה,ארוך,צָרְפַת,פָּחוּת,שֶׁלָה,מנואל,סוג,חָמֵשׁ,להשתמש,ימין,קרלוס,את כל,מְנַהֵל,מַחלָקָה,סֵפֶר,משחקים,ארץ,מכון,ימים,רֶגַע,ה,כְּלֵי תִקְשׁוֹרֶת,חוֹק,חֲדָשׁוֹת,יותר מאוחר,לימוד,צָבָא,רוב,ק&quot;מ,ויקטוריה,האם זה כך,שונה,מְקוֹרִי,סרט,נתונים,פחית,טְיוּטָה,כוחות,טוֹב,צָרְפָתִית,מָקוֹר,כַּמָה,בית ספר,יֶלֶד,כיכר,תְקוּפָה,סוֹף
из,то,на,то,Y,а,какие,из,то,я знаю,для,а,с участием,а,то,это,чтобы,это,Какие,к,Это было,более,нет,O,их,Это,также,на,Заходи,поскольку,Рекомендации,это,Из,где,год,первый,является,но,до того как,годы,ха,то,без,быть,в течение,ссылки,позже,внешний,часть,его,национальный,это было,имеют,первый,является,когда,сказка,это,сан,окончательный,три,городок,да,большой,время,один,другие,Так,там было,одно и тоже,против,группа,с учетом,условие,после,форма,матч,Мир,под,который,может,Население,место,Имя,выше,Погода,Они были,колледж,государственный,понедельник,новый,Только,продолжительность жизни,найти,что еще,перед,команда,даже если,война,Генеральная,век,очень,а также,все вместе,Объединенный,Испания,был,скоро,в соответствии,английский,каждый,все,Мексика,эмбарго,все,ряд,Пока,время года,клуб,они имеют,что,четыре,к,Хуан,новый,круглый,песня,они были,видеть,муниципалитет,Другие,это,категория,Ноябрь,Январь,должное,номер,Может,турнир,Ява,Октябрь,Конечно,строительная площадка,река,день,система,существование,правительство,июль,альбом,песня,так много,Он имел,Мадрид,официальный,второй,люди,Декабрь,Некоторый,страна,группа,провинция,футбол,июнь,работа,эти,Лучший,семья,играть,маршировать,дома,Другие,он,кто,лига,апреля,квалификация,сентябрь,Международный,август,было,чемпионат,чашка,сделал,Февраль,общее,следующий,к северу,гонка,зона,игроки,они могут,в,маленький,Викимедиа,испанский,Санта,Они,дом,Джозеф,Мир,разные,центр,церковь,тогда,Население,Существуют,разделение,главный,центральный,учеба,половина,часы,Аргентина,король,версия,учетная запись,через,настоящий,Программа,Президент,Многие,Другие,область, край,политика,некоторый,смерть,версия,делает,Тело,я имел,некоторый,последний,уровень,рост,игры,важный,Американец,приз,разновидность,заказывать,фронт,наборы,начал,большой,Wawrinka,движение,большой,Спички,первый,сайт,готовы,в данный момент,стиль отображения,длинный,Франция,меньше,ее,Мануэль,своего рода,пять,использовать,верно,Карлос,все,директор,отделение,книга,игры,земля,Институт,дней,момент,то,СМИ,закон,Новости,позже,изучение,армия,наиболее,км,Виктория,это так,разные,оригинал,кино,данные,может,черновой вариант,силы,хорошо,Французский,источник,несколько,школа,ребенок,квадратный,эра,конец
من عند,ال,على,ال,ص,أ,ماذا او ما,من,ال,أنا أعرف,ل,أ,مع,أ,ال,انها,بغرض,أنه,كيف,الى,كانت,أكثر,لا,ا,هم,هو - هي,أيضا,على,ادخل,حيث,المراجع,أنه,من عند,أين,عام,أول,هو,لكن,حتى,سنوات,هكتار,ال,بدون,أن تكون,أثناء,الروابط,الى وقت لاحق,خارجي,جزء,له,وطني,كانت,لديك,أول,هو,متي,قصة,هذا,سان,نهائي,ثلاثة,قرية,نعم,رائعة,زمن,واحد,الآخرين,وبالتالي,كان يوجد,نفس,ضد,مجموعة,في ضوء,شرط,بعد,شكل,تطابق,العالمية,تحت,الذي,تستطيع,تعداد السكان,مكان,اسم,أعلى,الجو,قد كانوا,كلية,حالة,الاثنين,الجديد,فقط,وقت الحياة,تجد,ما هو أكثر,قبل,فريق,حتى و إن,حرب,جنرال لواء,مئة عام,جدا,و,سويا,متحد,إسبانيا,ايضا,هكذا,تبعا,الإنجليزية,كل,كل واحد,المكسيك,الحظر,كل شىء,مسلسل,في حين,الموسم,النادي,يملكون,الذي - التي,أربعة,باتجاه,خوان,الجديد,مستدير - كروي,أغنية,قد كانوا,يرى,البلدية,آخر,هذا,الفئة,شهر نوفمبر,كانون الثاني,بسبب,عدد,مايو,المسابقة,جافا,اكتوبر,بالتأكيد,موقع البناء,نهر,يوم,النظام,يجري,حكومة,تموز,الألبوم,أغنية,بكثير,كان لديه,مدريد,الرسمية,ثانيا,اشخاص,ديسمبر,بعض,بلد,حافظة مسافة,المحافظة,كرة القدم,يونيو,مهنة,هؤلاء,أفضل,الأسرة,لعب,مارس,منازل,آخر,هو,من الذى,الدوري,أبريل,المؤهل,أيلول,دولي,أغسطس,كنت,بطولة,فنجان,مصنوع,شهر فبراير,مجموع,التالية,شمال,العنصر,منطقة,اللاعبين,يستطيعون,في غضون,القليل,ويكيميديا,الأسبانية,سانتا,أنهم,منزل,جوزيف,العالمية,مختلف,المركز,كنيسة,ومن بعد,تعداد السكان,يوجد,قطاع,المالك,وسط,دراسات,نصف,ساعات,الأرجنتين,ملك,الإصدار,الحساب,عبر,حقيقة,برنامج,رئيس,عديدة,آخر,منطقة,سياسة,بعض,الموت,إصدار,يصنع,الجسم,كان لدي,بعض,الأحدث,مستوى,نمو,يلعب,مهم,أمريكي,جائزة,محيط,ترتيب,أمام,مجموعات,بدأت,كبير,فافرينكا,حركة,رائعة,اعواد الكبريت,أول,موقع,جاهز,في اللحظة,عرض,طويل,فرنسا,أقل,ها,مانويل,طيب القلب,خمسة,استعمال,حق,كارلوس,الكل,مدير,قسم,الكتاب,ألعاب,الأرض,معهد,أيام,الوقت الحاضر,ال,وسائط,قانون,الإخبارية,الى وقت لاحق,دراسة,جيش,عظم,كم,فيكتوريا,هو كذلك,مختلف,أصلي,فيلم,البيانات,تستطيع,مسودة,القوات,حسن,الفرنسية,مصدر,العديد,المدرسة,طفل,ميدان,حقبة,نهاية
de,la,au,les,Oui,une,Quoi,du,Les,je connais,pour,un,avec,ongle,les,son,afin de,c&#39;est,Quoi,au,il a été,Suite,non,O,leur,il,aussi,sur,Entrez,depuis,les références,Il est,De,où,an,première,est,mais,jusqu&#39;à ce que,années,Ha,le,sans pour autant,être,durant,liens,plus tard,externe,partie,son,nationale,était,avoir,premier,est,lorsque,histoire,cette,san,final,trois,ville,Oui,génial,fois,une,autres,Donc,il y avait,même,contre,grouper,en vue de,état,après,façonner,correspondre,monde,bas,qui,il peut,Ville,endroit,nom,plus haute,la météo,Ils étaient,l&#39;universitè,Etat,lundi,Nouveau,seulement,durée de vie,trouve,en outre,avant que,équipe,même si,guerre,général,siècle,très,et,ensemble,Uni,Espagne,été,alors,selon,Anglais,chaque,toutes les personnes,Mexique,embargo,tout,séries,alors que,saison,club,ils ont,cette,quatre,vers,Juan,Nouveau,rond,chanson,ils étaient,voir,municipalité,autre,cette,Catégorie,novembre,janvier,dû,le numéro,Mai,tournoi,Java,octobre,sur,chantier de construction,fleuve,jour,système,étant,gouvernement,juillet,album,chanson,tellement de,Il avait,Madrid,officiel,deuxième,gens,décembre,Quelque,Pays,bande,Province * ANTIBES FRANCE,football,juin,travail,celles-ci,mieux,famille,jouer,Mars,Maisons,autre,il,qui,ligue,avril,qualification,septembre,international,août,a été,championnat,Coupe,fait,février,le total,Suivant,Nord,course,zone,joueurs,ils peuvent,Dans,peu,wikimedia,Espanol,Père Noël,elles ou ils,maison,Joseph,monde,divers,centre,église,ensuite,population,il y a,division,principal,central,études,moitié,Heures,Argentine,Roi,édition,compte,à travers,réel,Programme,Président,Beaucoup,autre,Région,politique,quelque,décès,version,fait du,Corps,J&#39;avais,quelque,dernier,niveau,croissance,pièces,important,américain,prix,espèce,ordre,de face,ensembles,a débuté,grands,wawrinka,mouvement,génial,allumettes,premier,placer,prêt,actuellement,style d&#39;affichage,long,France,moins,sa,Manuel,Type,cinq,utiliser,droite,Carlos,toutes,réalisateur,département,livre,Jeux,terre,lycée,jours,moment,les,médias,droit,nouvelles,plus tard,étude,armée,les plus,km,victoria,est-ce le cas,différent,original,film,Les données,pouvoir,projet,les forces,bien,français,Origine,plusieurs,école,enfant,carré,ère,finir
από,ο,επί,ο,Γ,ένα,τι,του,ο,Ξέρω,Για,ένα,με,ένα,ο,του,ώστε να,είναι,Τι,στο,Ήταν,περισσότερο,όχι,Ο,δικα τους,το,επίσης,επί,Πέρασε Μέσα,Από,βιβλιογραφικές αναφορές,είναι,Από,όπου,έτος,πρώτα,είναι,αλλά,μέχρι,χρόνια,χα,ο,χωρίς,να είναι,στη διάρκεια,συνδέσεις,αργότερα,εξωτερικός,μέρος,του,εθνικός,ήταν,έχω,πρώτα,είναι,πότε,ιστορία,Αυτό,Σαν,τελικός,τρία,πόλη,Ναί,μεγάλος,χρόνος,ένας,οι υπολοιποι,Έτσι,υπήρχε,ίδιο,κατά,ομάδα,ενόψει του,κατάσταση,μετά,σχήμα,αγώνας,κόσμος,υπό,οι οποίες,μπορώ,πληθυσμός,θέση,Ονομα,πιο ψηλά,καιρός,Ήταν,Κολλέγιο,κατάσταση,Δευτέρα,νέος,μόνο,Διάρκεια Ζωής,εύρημα,επί πλέον,πριν,ομάδα,ακόμα κι αν,πόλεμος,γενικός,αιώνας,πολύ,και,μαζί,Ενωμένος,Ισπανία,ήταν,σύντομα,σύμφωνα με,Αγγλικά,καθε,Ολοι,Μεξικό,απαγόρευση,τα παντα,σειρά,Ενώ,εποχή,Λέσχη,έχουν,ότι,τέσσερα,προς,Χουάν,νέος,γύρος,τραγούδι,ήταν,βλέπω,δήμος,άλλα,Αυτό,κατηγορία,Νοέμβριος,Ιανουάριος,λόγω,αριθμός,Ενδέχεται,τουρνουά,Ιάβα,Οκτώβριος,σίγουρος,εργοτάξιο,Ποτάμι,ημέρα,Σύστημα,να εισαι,κυβέρνηση,Ιούλιος,άλμπουμ,τραγούδι,τόσο πολύ,Είχε,Μαδρίτη,επίσημος,δεύτερος,Ανθρωποι,Δεκέμβριος,Μερικοί,Χώρα,ζώνη,επαρχία,ποδόσφαιρο,Ιούνιος,δουλειά,αυτά τα,καλύτερος,οικογένεια,παίζω,Μάρτιος,σπίτια,άλλα,αυτός,οι οποίοι,σύνδεσμος,Απρίλιος,προσόν,Σεπτέμβριος,Διεθνές,Αύγουστος,ήταν,πρωτάθλημα,Φλιτζάνι,έκανε,Φεβρουάριος,σύνολο,ΕΠΟΜΕΝΟ,Βόρειος,αγώνας,ζώνη,Παίκτες,αυτοί μπορούν,στα πλαίσια,λίγο,wikimedia,Ισπανικά,Σάντα,αυτοί,Σπίτι,Ιωσήφ,κόσμος,διάφορος,κέντρο,Εκκλησία,έπειτα,πληθυσμός,υπάρχουν,διαίρεση,ΔΙΕΥΘΥΝΤΡΙΑ σχολειου,κεντρικός,σπουδές,Ήμισυ,ώρες,Αργεντίνη,Βασιλιάς,έκδοση,λογαριασμός,διά μέσου,πραγματικός,Πρόγραμμα,Πρόεδρος,Πολλά,άλλα,περιοχή,πολιτική,μερικοί,θάνατος,εκδοχή,κάνει,Σώμα,είχα,μερικοί,αργότερο,επίπεδο,ανάπτυξη,παίζει,σπουδαίος,Αμερικανός,βραβείο,είδος,Σειρά,εμπρός,σκηνικά,ξεκίνησε,μεγάλο,wawrinka,κίνηση,μεγάλος,αγώνες,πρώτα,ιστοσελίδα,έτοιμος,αυτή τη στιγμή,στυλ εμφάνισης,μακρύς,Γαλλία,πιο λιγο,αυτήν,Μανουέλ,είδος,πέντε,χρήση,σωστά,Κάρλος,όλα,διευθυντής,Τμήμα,Βιβλίο,Παιχνίδια,γη,Ινστιτούτο,μέρες,στιγμή,ο,μεσο ΜΑΖΙΚΗΣ ΕΝΗΜΕΡΩΣΗΣ,νόμος,Νέα,αργότερα,μελέτη,στρατός,πλέον,χιλιόμετρα,Βικτώρια,είναι έτσι,διαφορετικός,πρωτότυπο,ταινία,δεδομένα,μπορώ,προσχέδιο,δυνάμεις,Καλός,γαλλική γλώσσα,πηγή,αρκετά,σχολείο,παιδί,τετράγωνο,εποχή,τέλος
itibaren,,açık,,Y,a,ne,nın-nin,,biliyorum,için,a,ile,a,,onun,amacıyla,bu,Ne,-e,Öyleydi,Daha,Hayır,Ö,onların,o,Ayrıca,açık,İçeri gel,dan beri,Referanslar,Bu,Nereden,nerede,yıl,ilk,dır-dir,fakat,a kadar,yıl,Ha,,olmadan,olmak,sırasında,bağlantılar,sonra,dış,Bölüm,onun,Ulusal,öyleydi,Sahip olmak,ilk,dır-dir,ne zaman,hikaye,bu,san,final,üç,kasaba,Evet,harika,zaman,bir,diğerleri,Yani,oradaydı,aynı,karşısında,grup,görünümünde,şart,sonra,şekil,eşleşme,dünya,altında,hangi,Yapabilmek,nüfus,yer,İsim Soyisim,daha yüksek,hava,Onlar,kolej,durum,Pazartesi,yeni,sadece,ömür,bulmak,daha ne,önce,takım,Bile,savaş,genel,yüzyıl,çok,ve,birlikte,Birleşik,ispanya,olmuştur,yakında,göre,ingilizce,her biri,herkes,Meksika,ambargo,herşey,dizi,Süre,mevsim,kulüp,onlar sahip,o,dört,doğru,Juan,yeni,yuvarlak,şarkı,onlar,görmek,belediye,diğer,bu,kategori,Kasım,Ocak,vadesi dolmuş,numara,Mayıs,turnuva,java,Ekim,Elbette,inşaat sahası,nehir,gün,sistemi,olmak,hükümet,Temmuz,albüm,şarkı,bu kadar,Vardı,Madrid,resmi,ikinci,insanlar,Aralık,Biraz,ülke,grup,bölge,Futbol,Haziran,iş,bunlar,en iyi,aile,Oyna,Mart,evler,diğer,o,DSÖ,lig,Nisan,vasıf,Eylül,Uluslararası,Ağustos,oldu,şampiyonluk,Fincan,yapılmış,Şubat,Toplam,takip etme,Kuzeyinde,yarış,bölge,oyuncular,yapabilirler,içinde,küçük,wikimedia,İspanyol,Noel Baba,onlar,ev,Yusuf,dünya,çeşitli,merkez,kilise,sonra,nüfus,var,bölünme,müdür,merkezi,çalışmalar,yarım,saatler,Arjantin,Kral,baskı,hesap,vasıtasıyla,gerçek,Program,Devlet Başkanı,Birçok,diğer,bölge,siyaset,biraz,ölüm,versiyon,yapar,Vücut,sahiptim,biraz,En son,seviye,büyüme,oyunlar,önemli,Amerikan,ödül,Türler,sipariş,ön,setleri,başladı,büyük,Wawrinka,hareket,harika,maçlar,ilk,site,hazır,Şu an,ekran stili,uzun,Fransa,Daha az,ona,Manuel,tür,beş,kullanım,sağ,Carlos,herşey,yönetmen,Bölüm,kitap,oyunlar,arazi,Enstitü,günler,an,,medya,yasa,haber,sonra,ders çalışma,Ordu,çoğu,km,Victoria,öyle mi,farklı,orijinal,film,veri,Yapabilmek,taslak,kuvvetler,iyi,Fransızca,kaynak,birkaç,okul,çocuk,Meydan,çağ,son
from,the,on,the,Y,a,what,of,the,I know,for,a,with,a,the,its,in order to,it is,What,to the,It was,more,no,O,their,it,also,on,Come in,since,references,It is,From,where,year,first,is,but,until,years,ha,the,without,to be,during,links,later,external,part,his,national,it was,have,first,is,when,story,this,san,final,three,town,yes,great,time,one,others,So,there was,same,against,group,in view of,condition,after,shape,match,world,under,which,can,population,place,Name,higher,weather,They were,college,state,Monday,new,only,lifetime,find,what&#39;s more,before,team,even if,war,general,century,very,and,together,United,Spain,been,soon,according,English,each,everyone,Mexico,embargo,everything,series,While,season,club,they have,that,four,toward,Juan,new,round,song,they were,see,municipality,other,this,category,November,January,due,number,May,tournament,java,October,sure,construction site,River,day,system,being,government,July,album,song,so much,He had,Madrid,official,second,people,December,Some,country,band,province,football,June,job,these,best,family,play,March,houses,other,he,who,league,April,qualification,September,international,August,was,championship,Cup,made,February,total,following,North,race,zone,players,they can,within,little,wikimedia,Spanish,santa,they,home,Joseph,world,various,center,church,then,population,there are,division,principal,central,studies,half,hours,Argentina,King,edition,account,through,real,Program,President,Many,other,region,politics,some,death,version,makes,Body,I had,some,latest,level,growth,plays,important,American,prize,species,order,front,sets,started,large,wawrinka,movement,great,matches,first,site,ready,at the moment,displaystyle,long,France,less,her,Manuel,kind,five,use,right,Carlos,all,director,Department,book,games,land,Institute,days,moment,the,media,law,news,later,study,army,most,km,victoria,is it so,different,original,movie,data,can,draft,forces,good,French,source,several,school,child,square,era,end
