de,es,he,ru,ar,fr,el,tr,en
von,ist,das,das,im,ein,von,Das,ist,des,ein,zum,im,mit,ich,gibt,ein,und,das,zum,es ist,Götter,Kommen Sie,zu,nicht,im,von dem,Mehr,des,Ha,Ö,Ich bin,fu,das,das,ebenfalls,auf,Andere,seine,zu,nach dem,es,Ihre,zwischen,ma,Zustand,Vor,fällig,von,ed,welche,es war,Teil,Jahre,von,Serie,von,ai,kommt,extern,Verbindungen,sein,ihr,Zustände,einer,auf der,zuerst,Stadt,Hinweis,diese,enthält,im,Film,Richtung,während,dann,alle,im,nur,Wann,zweite,während,Geschichte,auf,Projekte,Bilder,ich weiß,fein,wo ist es,kam,Krieg,seine,Datei,welche,gegen,gewesen,Commons,Wikimedia,gleich,Jahrhundert,oben,und,vereinigt,drei,Gruppe,des,haben,folgenden,dai,Jahreszeit,Sein,zweite,sehr,wurden,Zeit,Leben,isbn,Welt,Zeit,im,so,san,Name,groß,diese,Außerdem,noch,kann er,Nachname,etwas,Platz,Nachteile,hätten,haben,alle,Sie sind,der endgültige,Seite? ˅,offiziell,Neu,darüber hinaus,dann,Das,Mannschaft,Das,immer,September,es ist,Über,ai,November,Ursache,zusammen,Meisterschaft,Gib ihr,Juni,National,Dezember,unter,Mailand,Familie,über,Tod,Holmes,Kann,Februar,Zeitraum,März,Italienisch,verbreitet,alle,Italienisch,zu,seine,Titel,Italien,jedoch,wir,Oktober,Juli,ohne,Andere,m,Zuhause,Kirche,Rom,Januar,Original,Schlacht,Jahr,April,Welche,Fa,Stimmen,Aber,Land,wie viel,vier,Einwohner,Neu,Album,jeder,zueinander in Beziehung stehen,diese,UNS,besitzen,Nummer,August,Papa,Center,Werdegang,Weg,Gesellschaft,Literaturverzeichnis,getan,etwas,geboren,Rolle,global,Maria,viel von,Körper,konsultiert,Danke,finden,veröffentlicht,Kurs,Erfolg,Re,Land,mal,System,Verein,Arbeit,im,stattdessen,inc,Beim,bereits,Königreich,Sherlock,Folgen,Regierung,von,Norden,Datenbank,funktioniert,Hauptquartier,häufig,alle,Charakter,Allgemeines,Zustand,lange,später,Internet,Sie kommen,zuerst,gestalten,tatsächlich,Sieg,Theater,Produktion,John,Mann,Menschen,Französisch,groß,zu,Britannica,größer,Sohn,Gib es,Biografie,Base,Main,abgelegt,Schule,Aktivitäten,auf,Fall,vielfältig,Tasse,Auftrag,Schiffe,auf,Zone,dallurl,Landschaft,Millionen,Militär-,Ex,Was,wenig,eine solche,Amerika,es hätte,Gebiet,dritte,Länder
de,es,la,la,en,a,del,que,es,de El,a,por,en,con,I,da,una,y,la,al,su,Dioses,venir,a,no,en,desde el,más,de El,ha,O,soy,fu,la,la,además,en,otros,su,a,después,lo,tu,Entre,mamá,Expresar,antes de,vencer,de,ed,cual,era,parte,años,de,serie,de,ai,proviene,externo,conexiones,ser - estar,su,Estados,uno,sobre el,primero,ciudad,Nota,esto,contiene,en,película,dirección,durante,luego,todas,en,solo,Cuándo,segundo,tiempo,historia,en,proyectos,imagenes,se,multa,Dónde está,llegó,guerra,su,expediente,cual,versus,estado,los comunes,wikimedia,mismo,siglo,arriba,y,Unido,Tres,grupo,de El,tengo,siguiente,dai,estación,ser,segundo,muy,fueron,hora,la vida,isbn,mundo,hora,en,entonces,san,Nombre,estupendo,esto,además,aún,puede él,apellido,algunos,lugar,contras,tenido,teniendo,todas,Ellos eran,el final,sitio,oficial,nuevo,más allá de,luego,que,equipo,que,siempre,septiembre,su,acerca de,ai,noviembre,causa,juntos,campeonato,darle,junio,nacional,diciembre,debajo,Milán,familia,vía,muerte,Holmes,Mayo,febrero,período,marzo,italiano,común,todas,italiano,a,su,título,Italia,sin emabargo,nosotros,octubre,mes de julio,sin,otros,metro,casa,Iglesia,Roma,enero,original,batalla,año,abril,Cual,fa,voces,pero,tierra,cuánto,cuatro,habitantes,nuevo,álbum,cada,correlación,estas,nosotros,propio,número,agosto,padre,centro,carrera profesional,camino,sociedad,bibliografía,hecho,algunos,Nació,papel,global,Maria,mucho,cuerpo,consultado,gracias,encontrar,publicado,curso,éxito,re,país,veces,sistema,club,trabaja,en,en lugar de,C ª,A,ya,Reino,Sherlock,episodios,Gobierno,de,norte,base de datos,obras,sede,a menudo,todas,personaje,general,Expresar,largo,mas tarde,Internet,vienen,primero,forma,Por supuesto,victoria,teatro,producción,John,hombre,personas,francés,gran,a,britannica,mayor que,hijo,darle,biografía,base,principal,archivado,colegio,ocupaciones,en,caso,diverso,taza,pedido,buques,en,zona,dallurl,campo,millones,militar,ex,qué,poco,semejante,America,tendría,territorio,tercera,países
שֶׁל,הוא,ה,ה,ב,א,שֶׁל,זֶה,הוא,של ה,א,ל,ב,עם,אני,נותן,א,ו,ה,אל ה,שֶׁלָה,אלים,לבוא,ל,לֹא,ב,מ ה,יותר,של ה,חה,או,אני,פו,ה,ה,גַם,עַל,אחרים,שֶׁלוֹ,ל,לאחר,זה,שֶׁלְךָ,בֵּין,אִמָא,מדינה,לפני,בשל,מ,עורך,איזה,זה היה,חֵלֶק,שנים,שֶׁל,סִדרָה,מ,ai,מגיע,חיצוני,חיבורים,להיות,שֶׁלָהֶם,מדינות,אחד,על,ראשון,עִיר,הערה,זֶה,מכיל,ב,סרט צילום,כיוון,בְּמַהֲלָך,לאחר מכן,את כל,ב,רק,מתי,שְׁנִיָה,בזמן,הִיסטוֹרִיָה,עַל,פרויקטים,תמונות,אני יודע,בסדר גמור,איפה זה,הגיע,מִלחָמָה,שֶׁלוֹ,קוֹבֶץ,איזה,נגד,היה,נחלת הכלל,ויקימדיה,אותו,מֵאָה,לְמַעלָה,ו,מאוחד,שְׁלוֹשָׁה,קְבוּצָה,של ה,יש,הבא,דאי,עונה,לִהיוֹת,שְׁנִיָה,מאוד,היו,זְמַן,חַיִים,isbn,עוֹלָם,זְמַן,ב,כך,סן,שֵׁם,גדול,זֶה,יתר על כן,עדיין,הוא יכול,שם משפחה,כמה,מקום,חסרונות,היה,שיש,את כל,הם היו,הגמר,אֲתַר,רשמי,חָדָשׁ,מעבר,לאחר מכן,זֶה,קְבוּצָה,זֶה,תמיד,סֶפּטֶמבֶּר,שֶׁלָה,על אודות,ai,נוֹבֶמבֶּר,גורם,יַחַד,אַלִיפוּת,תן לה,יוני,לאומי,דֵצֶמבֶּר,תַחַת,מילאנו,מִשׁפָּחָה,באמצעות,מוות,הולמס,מאי,פברואר,פרק זמן,מרץ,אִיטַלְקִית,מְשׁוּתָף,את כל,אִיטַלְקִית,ל,שֶׁלוֹ,כותרת,אִיטַלִיָה,למרות זאת,אָנוּ,אוֹקְטוֹבֶּר,יולי,לְלֹא,אחרים,M,בית,כְּנֵסִיָה,רומא,יָנוּאָר,מְקוֹרִי,קרב,שָׁנָה,אַפּרִיל,איזה,fa,קולות,אבל,ארץ,כמה,ארבע,תושבים,חָדָשׁ,אַלבּוֹם,כֹּל,לְתַאֵם,אלה,לָנוּ,שֶׁלוֹ,מספר,אוגוסט,אַבָּא,מֶרְכָּז,קריירה,דֶרֶך,חֶברָה,בִּיבּלִיוֹגְרָפִיָה,בוצע,כמה,נוֹלָד,תַפְקִיד,גלוֹבָּלִי,מריה,הרבה,גוּף,התייעץ,תודה,למצוא,יצא לאור,קוּרס,הַצלָחָה,מִחָדָשׁ,מדינה,פִּי,מערכת,מוֹעֲדוֹן,עֲבוֹדָה,ב,במקום זאת,inc,בְּ,כְּבָר,מַלְכוּת,שרלוק,פרקים,מֶמְשָׁלָה,מ,צָפוֹן,מאגר מידע,עובד,מַטֶה,לעתים קרובות,את כל,אופי,כללי,מדינה,ארוך,יותר מאוחר,מרשתת,הם באים,ראשון,צוּרָה,אכן,ניצחון,תיאטרון,הפקה,ג&#39;ון,איש,אֲנָשִׁים,צָרְפָתִית,גדול,ל,בריטניקה,גדול יותר,בֵּן,תן את זה,ביוגרפיה,בסיס,רָאשִׁי,שדה,בית ספר,פעילויות,עַל,מקרה,מְגוּוָן,גָבִיעַ,להזמין,ספינות,עַל,אֵזוֹר,dallurl,כפר,מיליונים,צבאי,לְשֶׁעָבַר,מה,קטן,כגון,אמריקה,זה יהיה,שֶׁטַח,שְׁלִישִׁי,מדינות
из,является,то,то,в,а,из,что,является,принадлежащий,а,для,в,с участием,я,дает,а,а также,то,к,это,боги,прийти,к,нет,в,от,более,принадлежащий,ха,O,я,фу,то,то,также,на,другие,его,к,после,Это,ваш,между,ма,государственный,перед,должное,из,ред,который,это было,часть,годы,из,ряд,из,ай,приходит,внешний,связи,быть,их,состояния,один,на,первый,город,Примечание,это,содержит,в,фильм,направление,в течение,тогда,все,в,Только,Когда,второй,пока,история,на,проекты,изображений,я знаю,отлично,где это,пришел,война,его,файл,который,против,был,общественное достояние,Викимедиа,одно и тоже,век,вверх,а также,объединились,три,группа,принадлежащий,имеют,следующий,дай,время года,быть,второй,очень,мы,время,жизнь,isbn,Мир,время,в,так,сан,Имя,большой,это,более того,еще,он может,Фамилия,некоторый,место,минусы,имел,имея,все,они были,финал,сайт,официальный,новый,вне,тогда,что,команда,что,всегда,сентябрь,это,о,ай,Ноябрь,причина,все вместе,чемпионат,дать ей,июнь,национальный,Декабрь,под,Милан,семья,через,смерть,Холмс,Может,Февраль,период,маршировать,Итальянский,общий,все,Итальянский,к,его,заглавие,Италия,тем не мение,мы,Октябрь,июль,без,другие,м,дом,церковь,Рим,Январь,оригинал,боевой,год,апреля,Который,фа,голоса,Но,земля,сколько,четыре,жители,новый,альбом,каждый,соотносить,эти,нас,собственный,номер,август,папа,центр,карьера,способ,общество,Библиография,Выполнено,некоторый,родившийся,роль,Глобальный,Мария,много,тело,проконсультировался,Спасибо,найти,опубликовано,курс,успех,повторно,страна,раз,система,клуб,Работа,в,вместо,inc,В,уже,Королевство,шерлок,эпизоды,правительство,из,к северу,база данных,работает,штаб-квартира,довольно часто,все,персонаж,Генеральная,государственный,длинный,позже,Интернет,они приходят,первый,форма,действительно,победа,театр,производство,Джон,человек,люди,Французский,большой,к,Британника,больше,сын,дай это,биография,база,основной,подан,школа,виды деятельности,на,дело,разнообразный,чашка,заказывать,корабли,на,зона,Dallurl,сельская местность,миллионы,военный,бывший,какие,маленький,такой,Америка,это было бы,территория,в третьих,страны
من,هو,ال,ال,في,أ,من,الذي - التي,هو,التابع,أ,ل,في,مع,أنا,يعطي,أ,و,ال,الى,انها,الآلهة,تأتي,ل,ليس,في,من,أكثر,التابع,هكتار,ا,انا,فو,ال,ال,أيضا,على,الآخرين,له,ل,بعد,هو - هي,لك,ما بين,ma,حالة,قبل,بسبب,من عند,إد,الذي,كانت,جزء,سنوات,من,مسلسل,من عند,ai,يأتي,خارجي,روابط,أن تكون,هم,تنص على,واحد,على ال,أول,مدينة,ملاحظة,هذا,يحتوي على,في,فيلم,اتجاه,أثناء,ومن بعد,الكل,في,فقط,متي,ثانيا,في حين,التاريخ,على,المشاريع,الصور,أنا أعرف,بخير,أين هي,أتى,حرب,له,ملف,الذي,ضد,ايضا,المشاع,ويكيميديا,نفس,مئة عام,فوق,و,متحد,ثلاثة,مجموعة,التابع,لديك,التالية,داي,الموسم,يكون,ثانيا,جدا,كانوا,زمن,الحياة,isbn,العالمية,زمن,في,وبالتالي,سان,اسم,رائعة,هذا,علاوة على ذلك,حتى الآن,هل يستطيع,الكنية,بعض,مكان,سلبيات,كان,نأخذ,الكل,قد كانوا,الاخير,موقع,الرسمية,الجديد,وراء,ومن بعد,الذي - التي,فريق,الذي - التي,دائما,شهر سبتمبر,انها,حول,ai,شهر نوفمبر,موجه,سويا,بطولة,اعطيها,يونيو,وطني,ديسمبر,تحت,ميلان,الأسرة,عبر,الموت,هولمز,مايو,شهر فبراير,فترة,مارس,إيطالي,مشترك,الكل,إيطالي,ل,له,لقب,إيطاليا,ومع ذلك,نحن,اكتوبر,تموز,بدون,الآخرين,م,منزل,كنيسة,روما,كانون الثاني,أصلي,معركة,عام,أبريل,الذي,fa,أصوات,لكن,الأرض,كم ثمن,أربعة,السكان,الجديد,الألبوم,كل,ترتبط,هؤلاء,نحن,خاصة,عدد,أغسطس,بابا,المركز,حياة مهنية,طريق,المجتمع,فهرس,منجز,بعض,ولد,وظيفة,عالمي,ماريا,الكثير من,الجسم,استشار,اشكرك,تجد,نشرت,مسار,نجاح,إعادة,بلد,مرات,النظام,النادي,الشغل,في,في حين أن,المؤتمر الوطني العراقي,في,سابقا,مملكة,شيرلوك,الحلقات,حكومة,من عند,شمال,قاعدة البيانات,يعمل,مقر,غالبا,الكل,حرف,جنرال لواء,حالة,طويل,الى وقت لاحق,إنترنت,انهم يأتون,أول,شكل,في الواقع,فوز,مسرح,إنتاج,يوحنا,رجل,اشخاص,الفرنسية,رائعة,ل,بريتانيكا,أكبر,ابن,اعطيها,سيرة شخصية,يتمركز,رئيسي,قدم,المدرسة,أنشطة,على,قضية,متنوع,فنجان,ترتيب,السفن,على,منطقة,dallurl,الجانب القطري,ملايين,الجيش,السابق,ماذا او ما,القليل,مثل,أمريكا,من شأنه أن يكون,منطقة,الثالث,الدول
de,est,les,la,dans,une,du,cette,est,du,un,pour,dans,avec,je,donne,ongle,et,le,au,son,dieux,venir,à,ne pas,dans,du,Suite,du,Ha,O,Je suis,fu,les,les,aussi,au,autres,le sien,à,après,il,votre,entre,ma,l&#39;état,avant,dû,de,ed,lequel,était,partie,années,de,séries,de,ai,vient,externe,Connections,être,leur,États,une,sur le,premier,ville,Remarque,ce,contient,dans,film,direction,durant,puis,tout,dans,seulement,Lorsque,deuxième,pendant,l&#39;histoire,au,projets,images,je connais,amende,où est-ce,venu,guerre,le sien,déposer,quel est,contre,été,Chambre des communes,wikimedia,même,siècle,en haut,et,uni,Trois,grouper,du,ont,Suivant,dai,saison,être,deuxième,très,ont été,temps,vie,isbn,monde,temps,dans,donc,san,Nom,génial,cette,aussi,encore,peut,nom,quelque,endroit,les inconvénients,eu,ayant,tous,ils étaient,le final,placer,officiel,neuf,au-delà,donc,celui-la,équipe,cette,toujours,septembre,son,environ,ai,novembre,cause,ensemble,championnat,lui donner,juin,nationale,décembre,en dessous de,Milan,famille,passant par,décès,Holmes,mai,février,période,Mars,italienne,commun,tout,Italien,à,le sien,Titre,Italie,Toutefois,nous,octobre,juillet,sans pour autant,autres,m,maison,église,Rome,janvier,original,bataille,an,avril,Lequel,FA,voix,Mais,terre,combien,quatre,habitants,nouvelle,album,tous,corrélatif,celles-ci,nous,propre,nombre,août,papa,centre,carrière,chemin,société,bibliographie,fini,quelques,ne,rôle,mondiale,Maria,beaucoup de,corps,consulté,Merci,trouve,publié,cours,Succès,ré,pays,fois,système,club,travail,dans,plutôt,inc,À,déjà,Royaume,Sherlock,épisodes,gouvernement,de,nord,base de données,travaux,quartier général,souvent,tout,personnage,général,Etat,longue,ensuite,l&#39;Internet,Ils viennent,premier,façonner,en fait,la victoire,théâtre,production,John,homme,gens,Français,génial,à,britannica,plus grand,fils,donne-le,Biographie,base,principale,déposé,école,Activités,au,Cas,diverse,Coupe,commande,navires,au,zone,Dallurl,Campagne,des millions,militaire,ex,quelle,peu,tel,Amérique,il aurait,territoire,la troisième,des pays
του,είναι,ο,ο,σε,ένα,του,ότι,είναι,απο,ένα,Για,σε,με,Εγώ,δίνει,ένα,και,ο,στο,του,θεοί,Έλα,προς την,δεν,σε,από το,περισσότερο,απο,χα,Ο,Είμαι,fu,ο,ο,επίσης,επί,οι υπολοιποι,του,προς την,μετά,το,τα δικα σου,μεταξύ,μαμά,κατάσταση,πριν,λόγω,από,εκδ,οι οποίες,ήταν,μέρος,χρόνια,του,σειρά,από,Όλα συμπεριλαμβάνονται,έρχεται,εξωτερικός,συνδέσεις,να είναι,δικα τους,Κράτη,ένας,στο,πρώτα,πόλη,Σημείωση,Αυτό,περιέχει,σε,ταινία,κατεύθυνση,στη διάρκεια,έπειτα,όλα,σε,μόνο,Πότε,δεύτερος,ενώ,ιστορία,επί,έργα,εικόνες,Ξέρω,πρόστιμο,που είναι,ήρθε,πόλεμος,του,αρχείο,οι οποίες,εναντίον,ήταν,κοινά,wikimedia,ίδιο,αιώνας,πάνω,και,ενωμένος,τρία,ομάδα,απο,έχω,ΕΠΟΜΕΝΟ,Νταί,εποχή,είναι,δεύτερος,πολύ,ήταν,χρόνος,ΖΩΗ,isbn,κόσμος,χρόνος,σε,Έτσι,Σαν,Ονομα,μεγάλος,Αυτό,Επί πλέον,Ακόμη,μπορεί,επίθετο,μερικοί,θέση,μειονεκτήματα,είχε,έχοντας,όλα,ήταν,ο τελικός,ιστοσελίδα,επίσημος,νέος,πέρα,έπειτα,ότι,ομάδα,ότι,πάντα,Σεπτέμβριος,του,σχετικά με,Όλα συμπεριλαμβάνονται,Νοέμβριος,αιτία,μαζί,πρωτάθλημα,δως της,Ιούνιος,εθνικός,Δεκέμβριος,υπό,Μιλάνο,οικογένεια,μέσω,θάνατος,Χολμς,Ενδέχεται,Φεβρουάριος,περίοδος,Μάρτιος,ιταλικός,κοινός,όλα,ιταλικός,προς την,του,τίτλος,Ιταλία,ωστόσο,εμείς,Οκτώβριος,Ιούλιος,χωρίς,οι υπολοιποι,Μ,Σπίτι,Εκκλησία,Ρώμη,Ιανουάριος,πρωτότυπο,μάχη,έτος,Απρίλιος,Οι οποίες,φά,φωνές,Αλλά,γη,πόσο,τέσσερα,κάτοικοι,νέος,άλμπουμ,κάθε,συσχετίζω,αυτά τα,ΜΑΣ,τα δικά,αριθμός,Αύγουστος,Μπαμπάς,κέντρο,καριέρα,τρόπος,κοινωνία,βιβλιογραφία,Ολοκληρώθηκε,μερικοί,γεννημένος,ρόλος,παγκόσμια,ΜΑΡΙΑ,πολλά από,σώμα,συμβουλεύτηκε,σας ευχαριστώ,εύρημα,δημοσίευσε,σειρά μαθημάτων,επιτυχία,σχετικά με,Χώρα,φορές,Σύστημα,Λέσχη,εργασία,σε,αντι αυτου,συμπ,Στο,ήδη,Βασίλειο,σέρλοκ,επεισόδια,κυβέρνηση,από,Βόρειος,βάση δεδομένων,έργα,αρχηγείο,συχνά,όλα,χαρακτήρας,γενικός,κατάσταση,μακρύς,αργότερα,Διαδίκτυο,έρχονται,πρώτα,σχήμα,πράγματι,νίκη,θέατρο,παραγωγή,Γιάννης,άνδρας,Ανθρωποι,γαλλική γλώσσα,μεγάλος,προς την,Βρετανία,μεγαλύτερη,υιός,δώσ &#39;το,βιογραφία,βάση,κύριος,κατατεθεί,σχολείο,δραστηριότητες,επί,υπόθεση,ποικίλος,φλιτζάνι,Σειρά,πλοία,επί,ζώνη,Νταλούρλ,εξοχή,εκατομμύρια,Στρατός,πρώην,τι,λίγο,τέτοιος,Αμερική,θα ειχε,έδαφος,τρίτος,χώρες
nın-nin,dır-dir,,,içinde,a,nın-nin,o,dır-dir,of,a,için,içinde,ile,ben,verir,a,ve,,-e,onun,tanrılar,gel,-e,değil,içinde,-den,Daha,of,Ha,Ö,Ben,fu,,,Ayrıca,açık,diğerleri,onun,-e,sonra,o,sizin,arasında,anne,durum,önce,vadesi dolmuş,itibaren,ed,hangi,öyleydi,Bölüm,yıl,nın-nin,dizi,itibaren,ai,gelir,dış,bağlantıları,olmak,onların,Eyaletler,bir,üzerinde,ilk,Kent,Not,bu,içerir,içinde,film,yön,sırasında,sonra,herşey,içinde,sadece,Ne zaman,ikinci,süre,Tarih,açık,projeler,Görüntüler,biliyorum,ince,nerede,geldi,savaş,onun,dosya,hangi,e karşı,olmuştur,müşterekler,wikimedia,aynı,yüzyıl,yukarı,ve,Birleşik,üç,grup,of,Sahip olmak,takip etme,dai,mevsim,olmak,ikinci,çok,-di,zaman,hayat,isbn,dünya,zaman,içinde,yani,san,İsim Soyisim,harika,bu,Ayrıca,hala,yapabilir mi,Soyadı,biraz,yer,Eksileri,vardı,sahip olmak,herşey,onlar,son,site,resmi,yeni,ötesinde,sonra,o,takım,o,her zaman,Eylül,onun,hakkında,ai,Kasım,sebep olmak,birlikte,şampiyonluk,ver ona,Haziran,Ulusal,Aralık,altında,Milan,aile,üzerinden,ölüm,Holmes,Mayıs,Şubat,dönem,Mart,İtalyan,Yaygın,herşey,İtalyan,-e,onun,Başlık,İtalya,ancak,Biz,Ekim,Temmuz,olmadan,diğerleri,m,ev,kilise,Roma,Ocak,orijinal,savaş,yıl,Nisan,Hangi,fa,sesler,Fakat,arazi,ne kadar,dört,sakinler,yeni,albüm,her,ilişkilendirmek,bunlar,BİZE,kendi,numara,Ağustos,baba,merkez,kariyer,yol,toplum,kaynakça,bitti,biraz,doğmuş,rol,küresel,Maria,çok,vücut,danışıldı,teşekkür ederim,bulmak,yayınlanan,kurs,başarı,yeniden,ülke,zamanlar,sistemi,kulüp,iş,içinde,yerine,inc,Şurada:,zaten,krallık,Sherlock,bölümler,hükümet,itibaren,Kuzeyinde,veri tabanı,İşler,Merkez,sıklıkla,herşey,karakter,genel,durum,uzun,sonra,internet,gelirler,ilk,şekil,aslında,zafer,tiyatro,üretim,John,adam,insanlar,Fransızca,harika,-e,Britanya,daha büyük,oğul,ver,biyografi,temel,ana,dosyalanmış,okul,aktiviteler,açık,durum,çeşitli,Fincan,sipariş,gemiler,açık,bölge,Dallas,kırsal bölge,milyonlar,askeri,eski,ne,küçük,böyle,Amerika,olurdu,bölge,üçüncü,ülkeler
of,is,the,the,in,a,of,that,is,of the,a,for,in,with,i,gives,a,and,the,to the,its,gods,come,to,not,in,from the,more,of the,ha,O,I&#39;m,fu,the,the,also,on,others,his,to,after,it,your,between,ma,state,before,due,from,ed,which,it was,part,years,of,series,from,ai,comes,external,connections,to be,their,States,one,on the,first,city,note,this,contains,in,film,direction,during,then,all,in,only,When,second,while,history,on,projects,images,I know,fine,where is it,came,war,his,file,which,versus,been,commons,wikimedia,same,century,up,and,united,three,group,of the,have,following,dai,season,be,second,very,were,time,life,isbn,world,time,in,so,san,Name,great,this,Furthermore,yet,can he,last name,some,place,cons,had,have,all,they were,the final,site,official,new,beyond,then,that,team,that,always,September,its,about,ai,November,cause,together,championship,give her,June,national,December,under,Milan,family,via,death,holmes,May,February,period,March,Italian,common,all,Italian,to,his,title,Italy,however,we,October,July,without,others,m,home,church,Rome,January,original,battle,year,April,Which,fa,voices,But,land,how much,four,inhabitants,new,album,every,correlate,these,US,own,number,August,dad,center,career,way,society,bibliography,done,some,born,role,global,Maria,lot of,body,consulted,thank you,find,published,course,success,re,country,times,system,club,work,in,instead,inc,At,already,kingdom,sherlock,episodes,government,from,North,database,works,headquarters,often,all,character,general,state,long,later,internet,they come,first,shape,indeed,victory,theater,production,John,man,people,French,great,to,britannica,greater,son,give it,biography,base,main,filed,school,activities,on,case,diverse,cup,order,ships,on,zone,dallurl,countryside,millions,military,ex,what,little,such,america,it would have,territory,third,countries
