de,es,it,he,ru,ar,fr,el,tr
das,von,und,im,ein,zu,war,zum,wie,ist,auf,durch,mit,Das,er,beim,von,seine,es,ein,wurden,welche,ebenfalls,sind,hätten,Sein,zuerst,diese,oder,hast,Neu,WHO,ihr,ihr,es ist,einer,nach dem,sie,aber,nicht,haben,gewesen,zwei,Sie,andere,amerikanisch,Zeit,alle,Stadt,Film,wann,während,Welt,Schule,Mehr,später,würde,in,nur,zwischen,Dort,Jahre,Universität,Über,ich,Jahr,ihm,die meisten,vereinigt,Über,Jahreszeit,kann,etwas,eine solche,Musik-,aus,National,Mannschaft,zweite,Serie,Nein,während,wo,gemacht,dann,oben,können,drei,Krieg,viele,durch,Zustand,wurde,als,Geschichte,Teil,Vor,geboren,gegen,früh,unter,Sein,Leben,beide,Zustände,Liga,einschließlich,uns,Spiel,bis um,gewonnen,sehen,jedoch,bekannt,Dezember,benutzt,gespielt,schon seit,Januar,Sie,Oktober,International,Süd,Gut,November,September,Nummer,diese,März,John,Arbeit,hoch,Juni,Menschen,April,folgenden,Fußball,Album,Verein,Familie,werden,Englisch,namens,Werdegang,Deutsche,begann,gleich,Gruppe,weil,Kreis,so,Bereich,Straße,Juli,York,Februar,mehrere,Bezirk,Frauen,veröffentlicht,zurück,Spieler,jeder,wenn,Regierung,Fluss,britisch,ehemalige,aufführen,Bedienung,Haus,Ende,August,fällig,Beste,vier,Name,Mitglied,Zuhause,Linie,Öffentlichkeit,System,um,gehaltenen,Finale,dauerte,dritte,offiziell,m,Main,Französisch,irgendein,könnten,jetzt,Tasse,Norden,Tod,Platz,genannt,Show,Aufzeichnung,innerhalb,mögen,Turnier,Population,Alter,tat,veröffentlicht,Lied,besitzen,Präsident,Bahnhof,Allgemeines,Unternehmen,sagte,vergeben,gelegen,Rolle,Spiele,Bildung,Sie,Teams,Hochschule,letzte,durchschnittlich,Jahrhundert,lokal,Stadt, Dorf,empfangen,Ein weiterer,groß,obwohl,Westen,Park,Single,Mitglieder,ist gestorben,benutzen,Tag,Osten,Direktor,Was,Spiel,des Weiteren,fünf,Luft,einschließen,seine,gefunden,Produktion,Ausführung,Drücken Sie,basierend,b,gerade,haben,entlang,links,Tour,jene,politisch,wir,spät,immer noch,Meisterschaft,Haupt,Straße,Auftrag,öffnen,serviert,Titel,zentral,oben,Panama,Kirche,Party,Original,Verband,mal,Spieler,Band,Leistung,Projekt,n,Punkt,Buch,Route,verheiratet,sehr,Entwicklung,Gegründet,angekündigt,Militär-,Kopf,Webseite,inbegriffen,unter,König,Weg,st
la,de,y,en,a,a,estaba,por,como,es,en,por,con,que,él,a,de,su,eso,un,fueron,cual,además,están,tenido,ser,primero,esto,o,posee,nuevo,OMS,su,su,su,uno,después,ella,pero,no,tengo,estado,dos,ellos,otro,americano,hora,todas,ciudad,película,Cuándo,durante,mundo,colegio,más,mas tarde,haría,dentro,solo,Entre,allí,años,Universidad,acerca de,I,año,él,la mayoría,Unido,encima,estación,mayo,algunos,semejante,música,fuera,nacional,equipo,segundo,serie,No,tiempo,dónde,hecho,luego,arriba,lata,Tres,guerra,muchos,mediante,Expresar,convirtió,que,historia,parte,antes de,Nació,en contra,temprano,debajo,ser,la vida,ambas cosas,estados,liga,incluso,nosotros,juego,Hasta que,ganado,ver,sin emabargo,conocido,diciembre,usó,jugado,desde,enero,ellos,octubre,internacional,Sur,bien,noviembre,septiembre,número,estas,marcha,John,trabaja,elevado,junio,personas,abril,siguiente,fútbol,álbum,club,familia,voluntad,inglés,llamada,carrera profesional,alemán,comenzó,mismo,grupo,porque,distrito,entonces,área,calle,mes de julio,York,febrero,varios,condado,mujeres,liberado,espalda,jugador,cada,Si,Gobierno,río,británico,anterior,lista,Servicio,casa,final,agosto,vencer,mejor,cuatro,nombre,miembro,casa,línea,público,sistema,alrededor,sostuvo,final,tomó,tercera,oficial,metro,principal,francés,alguna,podría,ahora,taza,norte,muerte,lugar,llamado,show,registro,dentro,como,torneo,población,edad,hizo,publicado,canción,propio,presidente,estación,general,empresa,dicho,otorgar,situado,papel,juegos,educación,usted,equipos,Universidad,último,promedio,siglo,local,pueblo,recibió,otro,estupendo,aunque,Oeste,parque,único,miembros,fallecido,usar,día,este,director,qué,partido,más,cinco,aire,incluir,su,encontró,producción,versión,prensa,basado,B,sólo,teniendo,a lo largo de,izquierda,excursión,esos,político,nosotros,tarde,todavía,campeonato,importante,camino,pedido,abierto,servido,título,central,cima,Panamá,Iglesia,fiesta,original,asociación,veces,jugadores,banda,energía,proyecto,norte,punto,libro,ruta,casado,muy,desarrollo,fundado,Anunciado,militar,cabeza,sitio web,incluido,entre,Rey,camino,S t
il,di,e,nel,un,per,era,per,come,è,sopra,di,con,quella,lui,a,a partire dal,il suo,esso,un,erano,quale,anche,siamo,aveva,essere,primo,Questo,o,ha,nuovo,Oms,loro,sua,suo,uno,dopo,lei,ma,non,avere,stato,Due,essi,altro,americano,tempo,tutti,città,film,quando,durante,mondo,scuola,Di più,dopo,voluto,in,solo,fra,Là,anni,Università,di,io,anno,lui,maggior parte,unito,al di sopra di,stagione,Maggio,alcuni,come,musica,su,nazionale,squadra,secondo,serie,no,mentre,dove,fatto,poi,su,può,tre,guerra,molti,attraverso,stato,divenne,di,storia,parte,prima,Nato,contro,presto,sotto,essere,vita,tutti e due,stati,lega,Compreso,noi,gioco,fino a,ha vinto,vedere,tuttavia,conosciuto,dicembre,Usato,giocato,da,gennaio,loro,ottobre,internazionale,Sud,bene,novembre,settembre,numero,questi,marzo,John,lavoro,alto,giugno,persone,aprile,a seguire,calcio,album,club,famiglia,volere,inglese,chiamato,carriera,Tedesco,iniziò,stesso,gruppo,perché,quartiere,così,la zona,strada,luglio,York,febbraio,parecchi,contea,donne,rilasciato,indietro,giocatore,ogni,Se,governo,fiume,Britannico,ex,elenco,servizio,Casa,fine,agosto,dovuto,migliore,quattro,nome,membro,casa,linea,pubblico,sistema,in giro,tenuto,finale,ha preso,terzo,ufficiale,m,principale,francese,qualunque,poteva,adesso,tazza,nord,Morte,posto,di nome,mostrare,disco,entro,piace,torneo,popolazione,età,fatto,pubblicato,canzone,proprio,Presidente,stazione,generale,azienda,disse,premio,trova,ruolo,Giochi,formazione scolastica,voi,squadre,Università,scorso,media,secolo,Locale,cittadina,ricevuto,un altro,grande,sebbene,ovest,parco,single,membri,morto,uso,giorno,est,direttore,che cosa,incontro,ulteriore,cinque,aria,includere,suo,trovato,produzione,versione,stampa,basato,b,appena,avendo,lungo,sinistra,tour,quelli,politico,noi,tardi,ancora,campionato,maggiore,strada,ordine,Aperto,servito,titolo,centrale,superiore,Panama,Chiesa,festa,originale,associazione,volte,Giocatori,gruppo musicale,energia,progetto,n,punto,libro,itinerario,sposato,molto,sviluppo,fondato,annunciato,militare,testa,sito web,incluso,tra,re,modo,st
ה,שֶׁל,ו,ב,א,ל,היה,ל,כפי ש,הוא,עַל,על ידי,עם,זֶה,הוא,בְּ-,מ,שֶׁלוֹ,זה,an,היו,איזה,גַם,הם,היה,לִהיוֹת,ראשון,זֶה,אוֹ,יש ל,חָדָשׁ,מי,שֶׁלָהֶם,שֶׁלָה,שֶׁלָה,אחד,לאחר,היא,אבל,לֹא,יש,היה,שתיים,הֵם,אַחֵר,אֲמֶרִיקָאִי,זְמַן,את כל,עִיר,סרט צילום,מתי,בְּמַהֲלָך,עוֹלָם,בית ספר,יותר,יותר מאוחר,היה,לְתוֹך,רק,בֵּין,שם,שנים,אוּנִיבֶרְסִיטָה,על אודות,אני,שָׁנָה,אוֹתוֹ,רוב,מאוחד,על,עונה,מאי,כמה,כגון,מוּסִיקָה,הַחוּצָה,לאומי,קְבוּצָה,שְׁנִיָה,סִדרָה,לא,בזמן,איפה,עָשׂוּי,לאחר מכן,לְמַעלָה,פחית,שְׁלוֹשָׁה,מִלחָמָה,רב,דרך,מדינה,הפכתי,מאשר,הִיסטוֹרִיָה,חֵלֶק,לפני,נוֹלָד,נגד,מוקדם,תַחַת,להיות,חַיִים,שניהם,מדינות,לִיגָה,לְרַבּוֹת,לָנוּ,מִשְׂחָק,עד,זכית,לִרְאוֹת,למרות זאת,ידוע,דֵצֶמבֶּר,בשימוש,שיחק,מאז,יָנוּאָר,אוֹתָם,אוֹקְטוֹבֶּר,בינלאומי,דָרוֹם,נו,נוֹבֶמבֶּר,סֶפּטֶמבֶּר,מספר,אלה,מרץ,ג&#39;ון,עֲבוֹדָה,גָבוֹהַ,יוני,אֲנָשִׁים,אַפּרִיל,הבא,כדורגל,אַלבּוֹם,מוֹעֲדוֹן,מִשׁפָּחָה,רָצוֹן,אנגלית,שקוראים לו,קריירה,גֶרמָנִיָת,התחיל,אותו,קְבוּצָה,כי,מָחוֹז,כך,אֵזוֹר,רְחוֹב,יולי,יורק,פברואר,כַּמָה,מָחוֹז,נשים,מְשׁוּחרָר,חזור,שחקן,כל אחד,אם,מֶמְשָׁלָה,נהר,בריטי,לְשֶׁעָבַר,רשימה,שֵׁרוּת,בַּיִת,סוֹף,אוגוסט,בשל,הטוב ביותר,ארבע,שֵׁם,חבר,בית,קַו,פּוּמְבֵּי,מערכת,סְבִיב,מוּחזָק,סופי,לקח,שְׁלִישִׁי,רשמי,M,רָאשִׁי,צָרְפָתִית,כל,הָיָה יָכוֹל,עַכשָׁיו,גָבִיעַ,צָפוֹן,מוות,מקום,נקרא,הופעה,תקליט,בְּתוֹך,כמו,טורניר,אוּכְלוֹסִיָה,גיל,עשה,יצא לאור,שִׁיר,שֶׁלוֹ,נָשִׂיא,תַחֲנָה,כללי,חֶברָה,אמר,פרס,ממוקם,תַפְקִיד,משחקים,חינוך,אתה,צוותים,מִכלָלָה,אחרון,מְמוּצָע,מֵאָה,מְקוֹמִי,העיר,קיבלו,אַחֵר,גדול,למרות ש,מַעֲרָב,פָּארק,יחיד,חברים,מת,להשתמש,יְוֹם,מזרח,מְנַהֵל,מה,התאמה,נוסף,חָמֵשׁ,אוויר,לִכלוֹל,שֶׁלוֹ,מצאתי,הפקה,גִרְסָה,ללחוץ,מבוסס,ב,רַק,שיש,לְאוֹרֶך,שמאלה,סיור,הָהֵן,פּוֹלִיטִי,אָנוּ,מאוחר,עוֹד,אַלִיפוּת,גדול,כְּבִישׁ,להזמין,לִפְתוֹחַ,מוגש,כותרת,מֶרכָּזִי,חלק עליון,פנמה,כְּנֵסִיָה,מפלגה,מְקוֹרִי,אִרגוּן,פִּי,שחקנים,לְהִתְאַגֵד,כּוֹחַ,פּרוֹיֶקט,נ,נְקוּדָה,סֵפֶר,מַסלוּל,נָשׂוּי,מאוד,התפתחות,מְבוּסָס,הוכרז,צבאי,רֹאשׁ,אתר אינטרנט,כלול,בין,מלך,דֶרֶך,רחוב
то,из,а также,в,а,к,было,для,в виде,является,на,от,с участием,что,он,в,из,его,Это,ан,мы,который,также,находятся,имел,быть,первый,это,или же,имеет,новый,кто,их,ее,это,один,после,она,но,нет,имеют,был,два,Они,Другие,американец,время,все,город,фильм,когда,в течение,Мир,школа,более,позже,было бы,в,Только,между,там,годы,Университет,о,я,год,ему,наиболее,объединились,над,время года,май,некоторый,такой,Музыка,вне,национальный,команда,второй,ряд,нет,пока,где,сделал,тогда,вверх,может,три,война,многие,через,государственный,стал,чем,история,часть,перед,родившийся,против,рано,под,существование,жизнь,оба,состояния,лига,в том числе,нас,игра,до того как,победил,видеть,тем не мение,известен,Декабрь,использовал,играл,поскольку,январь,их,октябрь,Международный,юг,хорошо,ноябрь,сентябрь,номер,эти,маршировать,Джон,Работа,высокая,июнь,люди,апреля,следующий,футбол,альбом,клуб,семья,будут,английский,называется,карьера,Немецкий,начал,одно и тоже,группа,так как,округ,так,область,улица,июль,Йорк,февраль,несколько,округ,женщины,выпущенный,назад,игрок,каждый,если,правительство,река,британский,бывший,список,услуга,жилой дом,конец,август,должное,Лучший,четыре,название,член,дом,линия,общественный,система,вокруг,проводится,окончательный,взял,в третьих,официальный,м,основной,Французский,любой,мог,сейчас,чашка,к северу,смерть,место,названный,показывать,записывать,в,нравиться,турнир,Население,возраст,сделал,опубликовано,песня,собственный,президент,станция,Генеральная,Компания,сказал,награда,расположена,роль,игры,образование,ты,команды,колледж,последний,в среднем,век,местный,городок,получили,Другой,большой,хотя,Запад,парк,Один,члены,умер,использовать,день,Восток,директор,какие,матч,способствовать,пять,воздуха,включать,его,нашел,производство,версия,Нажмите,на основе,б,просто,имея,вдоль,оставил,тур,те,политический,мы,поздно,по-прежнему,чемпионат,главный,Дорога,заказывать,открыто,служил,заглавие,центральный,вершина,Панама,церковь,вечеринка,оригинал,ассоциация,раз,игроки,группа,мощность,проект,п,точка,книга,маршрут,в браке,очень,разработка,основанный,объявил,военный,глава,Веб-сайт,включены,среди,король,способ,ул
ال,من,و,في,أ,ل,كنت,ل,مثل,هو,على,بواسطة,مع,الذي - التي,هو,في,من عند,له,هو - هي,ا,كانوا,الذي,أيضا,نكون,كان,يكون,أول,هذا,أو,لديها,الجديد,من الذى,هم,ها,انها,واحد,بعد,هي,لكن,ليس,لديك,ايضا,اثنين,أنهم,آخر,أمريكي,زمن,الكل,مدينة,فيلم,متي,أثناء,العالمية,المدرسة,أكثر,الى وقت لاحق,سيكون,داخل,فقط,ما بين,هناك,سنوات,جامعة,حول,أنا,عام,له,عظم,متحد,على,الموسم,مايو,بعض,مثل,موسيقى,خارج,وطني,فريق,ثانيا,مسلسل,لا,في حين,أين,مصنوع,ومن بعد,فوق,تستطيع,ثلاثة,حرب,عديدة,عبر,حالة,أصبح,من,التاريخ,جزء,قبل,ولد,ضد,مبكرا,تحت,يجري,الحياة,على حد سواء,تنص على,الدوري,بما فيها,نحن,لعبه,حتى,وون,يرى,ومع ذلك,معروف,ديسمبر,تستخدم,لعب,حيث,كانون الثاني,معهم,اكتوبر,دولي,جنوب,نحن سوف,شهر نوفمبر,شهر سبتمبر,عدد,هؤلاء,مارس,يوحنا,الشغل,عالي,يونيو,اشخاص,أبريل,التالية,كرة القدم,الألبوم,النادي,الأسرة,إرادة,الإنجليزية,اتصل,حياة مهنية,ألمانية,بدأ,نفس,مجموعة,لأن,منطقة,وبالتالي,منطقة,شارع,تموز,يورك,شهر فبراير,العديد,مقاطعة,امرأة,صدر,عودة,لاعب,كل,إذا,حكومة,نهر,بريطاني,سابق,قائمة,الخدمات,منزل,نهاية,أغسطس,بسبب,أفضل,أربعة,اسم,عضو,الصفحة الرئيسية,خط,عام,النظام,حول,مقبض,نهائي,أخذ,الثالث,الرسمية,م,رئيسي,الفرنسية,أي,يستطع,الآن,فنجان,شمال,الموت,مكان,اسم الشيئ,تبين,سجل,في غضون,مثل,المسابقة,تعداد السكان,سن,فعلت,نشرت,أغنية,خاصة,رئيس,محطة,جنرال لواء,شركة,قال,جائزة,تقع,وظيفة,ألعاب,التعليم,أنت,فرق,كلية,الاخير,معدل,مئة عام,محلي,قرية,تم الاستلام,اخر,رائعة,برغم من,غرب,منتزه,أعزب,أفراد,مات,استعمال,يوم,الشرق,مدير,ماذا او ما,تطابق,بالإضافة إلى ذلك,خمسة,هواء,تضمن,له,وجدت,إنتاج,إصدار,صحافة,قائم على,ب,فقط,نأخذ,على امتداد,غادر,جولة,أولئك,سياسي,نحن,متأخر,ما يزال,بطولة,رائد,طريق,ترتيب,افتح,خدم,لقب,وسط,أعلى,بنما,كنيسة,حفل,أصلي,منظمة,مرات,اللاعبين,حافظة مسافة,قوة,المشروع,ن,هدف,الكتاب,طريق,متزوج \ متزوجة,جدا,تطوير,تأسست,أعلن,الجيش,رأس,موقع الكتروني,متضمن,ضمن,ملك,طريق,شارع
les,de,et,dans,une,à,a été,pour,comme,est,au,par,avec,cette,il,à,de,le sien,il,un,ont été,lequel,également,sont,eu,être,premier,cette,ou alors,possède,Nouveau,qui,leur,sa,son,une,après,elle,mais,ne pas,avoir,été,deux,elles ou ils,autre,américain,temps,tout,ville,film,lorsque,durant,monde,école,Suite,plus tard,aurait,dans,seul,entre,là,années,Université,à propos de,je,an,lui,les plus,uni,plus de,saison,mai,quelque,tel,musique,en dehors,nationale,équipe,deuxième,séries,non,tandis que,où,fait,ensuite,en haut,pouvez,Trois,guerre,beaucoup,à travers,Etat,est devenu,que,l&#39;histoire,partie,avant que,née,contre,tôt,en dessous de,étant,vie,tous les deux,États,ligue,comprenant,nous,Jeu,jusqu&#39;à ce que,Gagné,voir,pourtant,connu,décembre,utilisé,joué,puisque,janvier,eux,octobre,international,Sud,bien,novembre,septembre,numéro,celles-ci,Mars,John,travail,haute,juin,gens,avril,Suivant,Football,album,club,famille,volonté,Anglais,appelé,carrière,Allemand,a commencé,même,grouper,car,quartier,donc,surface,rue,juillet,York,février,plusieurs,comté,femmes,publié,dos,joueur,chaque,si,gouvernement,fleuve,Britanique,ancien,liste,un service,loger,finir,août,dû,meilleur,quatre,Nom,membre,domicile,ligne,Publique,système,environ,tenu,final,a pris,la troisième,officiel,m,principale,français,quelconque,pourrait,à présent,Coupe,Nord,décès,endroit,nommé,spectacle,enregistrer,dans,aimer,tournoi,population,âge,a fait,publié,chanson,propre,Président,gare,général,entreprise,mentionné,prix,situé,rôle,Jeux,éducation,toi,les équipes,Université,dernier,moyenne,siècle,local,ville,reçu,une autre,génial,même si,Ouest,se garer,Célibataire,membres,décédés,utiliser,journée,est,réalisateur,quelle,correspondre,plus loin,cinq,air,inclure,son,trouvé,production,version,presse,basé,b,juste,ayant,le long de,la gauche,visiter,ceux,politique,nous,en retard,encore,championnat,Majeur,route,ordre,ouvert,servi,Titre,central,Haut,Panama,église,fête,original,association,fois,joueurs,bande,Puissance,projet,n,point,livre,route,marié,très,développement,fondé,annoncé,militaire,diriger,site Internet,inclus,parmi,Roi,chemin,st
ο,του,και,σε,ένα,προς την,ήταν,Για,όπως και,είναι,επί,με,με,ότι,αυτός,στο,από,του,το,ένα,ήταν,οι οποίες,επίσης,είναι,είχε,είναι,πρώτα,Αυτό,ή,έχει,νέος,οι οποίοι,δικα τους,αυτήν,του,ένας,μετά,αυτή,αλλά,δεν,έχω,ήταν,δύο,αυτοί,άλλα,Αμερικανός,χρόνος,όλα,πόλη,ταινία,πότε,στη διάρκεια,κόσμος,σχολείο,περισσότερο,αργότερα,θα,σε,μόνο,μεταξύ,εκεί,χρόνια,πανεπιστήμιο,σχετικά με,Εγώ,έτος,αυτόν,πλέον,ενωμένος,πάνω από,εποχή,ενδέχεται,μερικοί,τέτοιος,ΜΟΥΣΙΚΗ,έξω,εθνικός,ομάδα,δεύτερος,σειρά,όχι,ενώ,όπου,έκανε,έπειτα,πάνω,μπορώ,τρία,πόλεμος,Πολλά,διά μέσου,κατάσταση,έγινε,από,ιστορία,μέρος,πριν,γεννημένος,κατά,νωρίς,υπό,να εισαι,ΖΩΗ,και τα δυο,πολιτείες,σύνδεσμος,συμπεριλαμβανομένου,μας,παιχνίδι,μέχρι,Κέρδισε,βλέπω,ωστόσο,γνωστός,Δεκέμβριος,μεταχειρισμένος,έπαιξε,Από,Ιανουάριος,τους,Οκτώβριος,Διεθνές,Νότος,Καλά,Νοέμβριος,Σεπτέμβριος,αριθμός,αυτά τα,Μάρτιος,Γιάννης,εργασία,υψηλός,Ιούνιος,Ανθρωποι,Απρίλιος,ΕΠΟΜΕΝΟ,ποδόσφαιρο,άλμπουμ,Λέσχη,οικογένεια,θα,Αγγλικά,που ονομάζεται,καριέρα,Γερμανός,ξεκίνησε,ίδιο,ομάδα,επειδή,περιοχή,Έτσι,περιοχή,δρόμος,Ιούλιος,Υόρκη,Φεβρουάριος,αρκετά,κομητεία,γυναίκες,απελευθερώθηκε,πίσω,παίχτης,καθε,αν,κυβέρνηση,ποτάμι,Βρετανοί,πρώην,λίστα,υπηρεσία,σπίτι,τέλος,Αύγουστος,λόγω,καλύτερος,τέσσερα,όνομα,μέλος,Σπίτι,γραμμή,δημόσιο,Σύστημα,περίπου,που πραγματοποιήθηκε,τελικός,πήρε,τρίτος,επίσημος,Μ,κύριος,γαλλική γλώσσα,όποιος,θα μπορούσε,τώρα,φλιτζάνι,Βόρειος,θάνατος,θέση,ονομάστηκε,προβολή,Ρεκόρ,στα πλαίσια,σαν,τουρνουά,πληθυσμός,ηλικία,έκανε,δημοσίευσε,τραγούδι,τα δικά,Πρόεδρος,σταθμός,γενικός,Εταιρία,είπε,βραβείο,βρίσκεται,ρόλος,Παιχνίδια,εκπαίδευση,εσείς,της ομάδας,Κολλέγιο,τελευταίος,μέση τιμή,αιώνας,τοπικός,πόλη,έλαβε,αλλο,μεγάλος,παρόλο,δυτικά,πάρκο,μονόκλινο,μέλη,πέθανε,χρήση,ημέρα,Ανατολή,διευθυντής,τι,αγώνας,περαιτέρω,πέντε,αέρας,περιλαμβάνω,του,βρέθηκαν,παραγωγή,εκδοχή,τύπος,με βάση,σι,μόλις,έχοντας,κατά μήκος,αριστερά,περιοδεία,εκείνοι,πολιτικός,εμείς,αργά,ακόμη,πρωτάθλημα,μείζων,δρόμος,Σειρά,Άνοιξε,σερβίρεται,τίτλος,κεντρικός,μπλουζα,Παναμάς,Εκκλησία,κόμμα,πρωτότυπο,σχέση,φορές,Παίκτες,ζώνη,εξουσία,έργο,ν,σημείο,Βιβλίο,Διαδρομή,παντρεμένος,πολύ,ανάπτυξη,ιδρύθηκε το,ανακοινώθηκε,Στρατός,κεφάλι,δικτυακός τόπος,περιλαμβάνεται,αναμεταξύ,Βασιλιάς,τρόπος,αγ
,nın-nin,ve,içinde,a,-e,oldu,için,gibi,dır-dir,açık,tarafından,ile,o,o,-de,itibaren,onun,o,bir,-di,hangi,Ayrıca,vardır,vardı,olmak,ilk,bu,veya,vardır,yeni,DSÖ,onların,ona,onun,bir,sonra,o,fakat,değil,Sahip olmak,olmuştur,iki,onlar,diğer,Amerikan,zaman,herşey,Kent,film,ne zaman,sırasında,dünya,okul,Daha,sonra,olur,içine,sadece,arasında,Orada,yıl,Üniversite,hakkında,ben,yıl,onu,çoğu,Birleşik,bitmiş,mevsim,Mayıs,biraz,böyle,müzik,dışarı,Ulusal,takım,ikinci,dizi,Hayır,süre,nerede,yapılmış,sonra,yukarı,Yapabilmek,üç,savaş,birçok,vasıtasıyla,durum,oldu,-den,Tarih,Bölüm,önce,doğmuş,karşısında,erken,altında,olmak,hayat,her ikisi de,eyaletler,lig,dahil olmak üzere,bize,oyun,a kadar,kazandı,görmek,ancak,bilinen,Aralık,Kullanılmış,oynadı,dan beri,Ocak,onları,Ekim,Uluslararası,güney,iyi,Kasım,Eylül,numara,bunlar,Mart,John,iş,yüksek,Haziran,insanlar,Nisan,takip etme,Futbol,albüm,kulüp,aile,niyet,ingilizce,aranan,kariyer,Almanca,başladı,aynı,grup,Çünkü,ilçe,yani,alan,sokak,Temmuz,York,Şubat,birkaç,ilçe,KADIN,yayınlandı,geri,oyuncu,her biri,Eğer,hükümet,nehir,ingiliz,eski,liste,hizmet,ev,son,Ağustos,vadesi dolmuş,en iyi,dört,isim,üye,ev,hat,halka açık,sistemi,etrafında,Kavradı,final,aldı,üçüncü,resmi,m,ana,Fransızca,hiç,abilir,şimdi,Fincan,kuzeyinde,ölüm,yer,adlandırılmış,göstermek,kayıt,içinde,sevmek,turnuva,nüfus,yaş,yaptı,yayınlanan,şarkı,kendi,Devlet Başkanı,istasyon,genel,şirket,dedim,ödül,bulunan,rol,oyunlar,Eğitim,sen,takımlar,kolej,son,ortalama,yüzyıl,yerel,kasaba,Alınan,bir diğeri,harika,olmasına rağmen,batı,park,tek,üyeler,öldü,kullanım,gün,Doğu,yönetmen,ne,eşleşme,Daha ileri,beş,hava,Dahil etmek,onun,bulundu,üretim,versiyon,basın,dayalı,b,sadece,sahip olmak,boyunca,ayrıldı,tur,şunlar,siyasal,Biz,geç,hala,şampiyonluk,majör,yol,sipariş,açık,servis,Başlık,merkezi,üst,Panama,kilise,Parti,orijinal,bağlantı,zamanlar,oyuncular,grup,güç,proje,n,nokta,kitap,rota,evli,çok,gelişme,kurulmuş,duyuruldu,askeri,baş,İnternet sitesi,dahil,arasında,kral,yol,st
