de,es,it,he,ru,ar,fr,el,en
und,einer,es,wie,mit,zum,gibt,von,im Jahr,der Eine,durch,Dann,Verweise,das,auf,Mehr,in der Geschichte von,zuerst,Zähne,Platz,Links,wie,wenn,sehr,groß,bis um,zwischen,ebenfalls,es passierte,archiviert,vor Ort,oder,Maschine,Weg zurück,Neu,durch,gleich,aber,Justiz,andere,zu,Allgemeines,Türkisch,in Verbindung gebracht,zusammen,ist,gefunden in,alt,Istanbul,seine,Domain,viele,Vorname,ihr,Musik-,Ö,dauerte,tat,Welt,Juni,gestartet,Population,alle,km,wichtig,Jahr,Ja,Truthahn,Februar,gegen,in die Grafschaft,Engagement,ist gewesen,Juli,Zustand,Lied,März,Vor,Kann,Kirche,und,ein,Film,November,im,Januar,hoch,im,Oktober,Das Englisch,fortsetzen,viel,Nächster,Dezember,eingehend,lange,Kloster,historisch,dabei,ihm,Über,Annahme,Etwas,September,Inhaber,formal,August,drei,klein,Deutsche,Über,Single,mal,Frau,gemacht,Ottomane,hast,nochmal,Ihrer Provinz,Spieler,Zeit,Aufgabe,zweite,während,Album,besitzen,Jahre,Sein,ist es,anders,Sorte,ist das,vergeben,kurz,Besondere,Europa,gerade,seine Bevölkerung,auf,International,aus,jemand,Mannschaft,Im weg,Macher,r,sehen,Kunst,wurden,Leiter von,rechtzeitig,Fußball,Prinz,Jahr,britisch,wegen,localnet,zentral,verschiedene,Album,National,amerikanisch,zurück,Trotz,insbesondere,Bildung,stellen,es ist,Zeit,das,weitergegeben,Über,stehen zur Verfügung,Neu,er machte,Person,Party,Gruppe,Mutter,Tag,einheitlich,gehören,Erdkunde,gemacht,gut,Schreibtisch,Tor,i̇yi,Osten,Süd,Nazi,aber,Ein weiterer,Geschichte,Universität,gewesen sein,stattdessen,benutzt,National,Mitte,Über,während,Microsoft,Krieg,Jahreszeit,tun,Gattung,Über,in der Regel,politisch,namentlich,in der Zeit von,losfahren,so,Weg,unter,weil,formal,ihr,nochmal,nochmal,Ankara,Liga,von,gefunden,Kino,tam,geboren,seine Karriere,bin,ngc,Stellvertreter,Krieg,in die Mitte,Amerika,wird eingesetzt,Nächster,Weg,Französisch,herauskommen,und,Stadt,dritte,Afrika,Jahre alt,gesamt,in der Hand,Anzeigestil,Hallo,Hier,versprechen,Gruppe,Mitglied von,Netz,das,lokal,dein Land,berühmt,hast,in dem Zeitraum,Unternehmen,Heilige,hat getan,Spiel,Film,Das,Recht,schließlich,zusammen,gegeben,Gold,Anatolien,Stück,zum Markt,lebenswichtig,beigetreten,Rolle,Name,in der Saison,Bedienung,gebildet,Verwaltung,nimmt,in der Rolle,bekannt,aber,Militär-,Zuhause,Vereinigung von,Mannschaft,Video,wo,in Jahren,Center,schon seit,wurde geboren,Westen,in der Nähe von,er-sie-es,Warum das
y,uno,eso,como,con,por,da,de,en el año,el único,por,Luego,referencias,la,en,más,en la historia de,primero,dientes,lugar,Enlaces,como,Si,muy,grande,Hasta que,Entre,además,ocurrió,archivado,en el sitio,o,máquina,camino de vuelta,nuevo,por,mismo,pero,judicial,otro,a,general,turco,conectado,juntos,es,encontrado en,viejo,Estanbul,su,dominio,muchos,Primer nombre,su,música,O,tomó,hizo,mundo,junio,empezado,población,todas,km,importante,año,sí,pavo,febrero,en contra,al condado,compromiso,ha sido,mes de julio,Expresar,canción,marcha,antes de,Mayo,Iglesia,y,a,película,noviembre,en,enero,elevado,en,octubre,El inglés,Seguir,mucho,Siguiente,diciembre,entrante,largo,monasterio,histórico,a punto de,él,encima,aceptación,Algunos,septiembre,dueño,formal,agosto,Tres,pequeña,alemán,encima,único,veces,mujer,hecho,otomano,posee,de nuevo,de tu provincia,jugador,hora,tarea,segundo,durante,álbum,propio,años,ser,Lo es,diferente,i̇lk,es eso,otorgar,corto,especial,Europa,sólo,su población,en,internacional,fuera,alguien,equipo,en la forma,hacedor,r,ver,Arte,fueron,jefe de,a tiempo,fútbol,Príncipe,año de,británico,porque,localnet,central,varios,álbum,Nacional,americano,espalda,A pesar de,especialmente,educación,poner,su,hora,la,transmitido,acerca de,están disponibles,nuevo,el hizo,persona,fiesta,grupo,mamá,día,unificado,pertenece a,geografía,hecho,bien,escritorio,gol,i̇yi,este,Sur,nazi,pero,otro,historia,Universidad,ha sido,en lugar de,usó,Nacional,medio,acerca de,a lo largo de,microsoft,guerra,estación,haciendo,género,acerca de,por lo general,político,por nombre,en el período de,activar,entonces,fuera,debajo,porque,formal,su,de nuevo,de nuevo,Ankara,liga,de,es encontrado,cine,tam,Nació,su carrera,soy,ngc,diputado,guerra,hacia el centro,America,se usa,Siguiente,camino,francés,saliendo,y,ciudad,tercera,África,años,total,en la mano,estilo de pantalla,Hola,aquí,promesa,grupo,miembro de,web,la,local,tu país,famoso,posee,en el periodo,negocio,Santo,ha hecho,juego,película,Que,derecho,finalmente,juntos,dado a,oro,anatolia,trozo,al mercado,vital,Unido,papel,nombre,en la temporada,Servicio,formado,Administración,está tomando,en el papel,conocido,pero,militar,casa,unión de,equipo,video,dónde,en años,centrar,desde,nació,Oeste,cerca,él-ella-eso,porqué es eso
e,uno,esso,come,con,per,dà,a partire dal,nell&#39;anno,l&#39;unico,di,Poi,Riferimenti,il,sopra,Di più,nella storia di,primo,denti,posto,Collegamenti,come,Se,molto,grande,fino a,fra,anche,è successo,archiviato,sul posto,o,macchina,wayback,nuovo,di,stesso,ma,giudiziario,altro,per,generale,Turco,collegato,insieme,è,trovato in,vecchio,Istanbul,suo,dominio,molti,Nome di battesimo,sua,musica,O,ha preso,fatto,mondo,giugno,iniziato,popolazione,tutti,km,importante,anno,sì,tacchino,febbraio,contro,alla contea,Fidanzamento,è stato,luglio,stato,canzone,marzo,prima,Maggio,Chiesa,e,un,film,novembre,nel,gennaio,alto,nel,ottobre,L&#39;inglese,Continua,tanto,Il prossimo,dicembre,in arrivo,lungo,monastero,storico,in procinto di,lui,al di sopra di,accettazione,Alcuni,settembre,proprietario,formale,agosto,tre,piccolo,Tedesco,al di sopra di,single,volte,donna,fatto,ottomano,ha,ancora,della tua provincia,giocatore,tempo,compito,secondo,durante,album,proprio,anni,essere,è,diverso,i̇lk,è questo,premio,corto,speciale,Europa,appena,la sua popolazione,sopra,internazionale,su,qualcuno,squadra,in modo,agente,r,vedere,arte,erano,capo di,in tempo,calcio,Principe,anno di,Britannico,per colpa di,localnet,centrale,vari,album,Nazionale,americano,indietro,nonostante,particolarmente,formazione scolastica,mettere,suo,tempo,il,trasmesso,di,sono disponibili,nuovo,fece,persona,festa,gruppo,madre,giorno,unificato,appartiene a,geografia,fatto,bene,scrivania,obbiettivo,i̇yi,est,Sud,nazista,ma,un altro,storia,Università,sono stato,anziché,Usato,Nazionale,mezzo,di,per tutto,microsoft,guerra,stagione,facendo,genere,di,generalmente,politico,per nome,nel periodo di,parti,così,lontano,sotto,perché,formale,sua,ancora,ancora,Ankara,lega,a partire dal,è stato trovato,cinema,tam,Nato,la sua carriera,sono,ngc,vice,guerra,al centro,America,si usa,Il prossimo,modo,francese,uscire,e,città,terzo,Africa,Anni,totale,in mano,stile di visualizzazione,Ciao,Qui,promettere,gruppo,membro di,ragnatela,il,Locale,il tuo paese,famoso,ha,nel periodo,attività commerciale,santo,ha fatto,gioco,film,Quella,giusto,finalmente,insieme,Dato a,oro,anatolia,pezzo,al mercato,vitale,Iscritto,ruolo,nome,nella stagione,servizio,formato,Amministrazione,sta prendendo,nel ruolo,conosciuto,ma,militare,casa,unione di,squadra,video,dove,in anni,centro,da,sono nato,ovest,vicino,lui-lei-esso,perché
ו,אחד,זה,כפי ש,עם,ל,נותן,מ,בשנה,האחד,על ידי,לאחר מכן,הפניות,ה,עַל,יותר,בהיסטוריה של,ראשון,שיניים,מקום,קישורים,כפי ש,אם,מאוד,גָדוֹל,עד,בֵּין,גַם,זה קרה,בארכיון,במקום,אוֹ,מְכוֹנָה,ממש מזמן,חָדָשׁ,על ידי,אותו,אבל,מִשׁפָּטִי,אַחֵר,ל,כללי,טורקי,מְחוּבָּר,יַחַד,הוא,נמצא ב,ישן,איסטנבול,שֶׁלוֹ,תְחוּם,רב,שם פרטי,שֶׁלָה,מוּסִיקָה,או,לקח,עשה,עוֹלָם,יוני,התחיל,אוּכְלוֹסִיָה,את כל,ק&quot;מ,חָשׁוּב,שָׁנָה,כן,טורקיה,פברואר,נגד,למחוז,אירוסין,היה,יולי,מדינה,שִׁיר,מרץ,לפני,מאי,כְּנֵסִיָה,ו,א,סרט צילום,נוֹבֶמבֶּר,ב,יָנוּאָר,גָבוֹהַ,ב,אוֹקְטוֹבֶּר,האנגלית,לְהַמשִׁיך,הַרבֵּה,הַבָּא,דֵצֶמבֶּר,נִכנָס,ארוך,מִנזָר,הִיסטוֹרִי,עומד ל,אוֹתוֹ,על,קַבָּלָה,כמה,סֶפּטֶמבֶּר,בעלים,רִשְׁמִי,אוגוסט,שְׁלוֹשָׁה,קָטָן,גֶרמָנִיָת,על,יחיד,פִּי,אִשָׁה,עָשׂוּי,דַרגָשׁ,יש ל,שוב,של המחוז שלך,שחקן,זְמַן,מְשִׁימָה,שְׁנִיָה,בְּמַהֲלָך,אַלבּוֹם,שֶׁלוֹ,שנים,לִהיוֹת,האם זה,שונה,i̇lk,האם זה,פרס,קצר,מיוחד,אֵירוֹפָּה,רַק,אוכלוסייתה,עַל,בינלאומי,הַחוּצָה,מִישֶׁהוּ,קְבוּצָה,בדרך,רַמַאִי,ר,לִרְאוֹת,אומנות,היו,ראש,בזמן,כדורגל,נסיך,שנה של,בריטי,בגלל,מקומי,מֶרכָּזִי,שׁוֹנִים,אַלבּוֹם,לאומי,אֲמֶרִיקָאִי,חזור,למרות,במיוחד,חינוך,לָשִׂים,שֶׁלָה,זְמַן,ה,עבר על,על אודות,פנויים,חָדָשׁ,הוא עשה,אדם,מפלגה,קְבוּצָה,אִמָא,יְוֹם,מאוחד,שייך ל,גֵאוֹגרַפיָה,עָשׂוּי,טוֹב,שׁוּלְחָן כְּתִיבָה,מטרה,i̇yi,מזרח,דָרוֹם,נאצי,אבל,אַחֵר,הִיסטוֹרִיָה,אוּנִיבֶרְסִיטָה,היה,במקום זאת,בשימוש,לאומי,אֶמצַע,על אודות,בְּמֶשֶך,מיקרוסופט,מִלחָמָה,עונה,מַעֲשֶׂה,סוּג,על אודות,בְּדֶרֶך כְּלַל,פּוֹלִיטִי,לפי שם,בתקופה של,הפעיל,כך,רָחוֹק,תַחַת,כי,רִשְׁמִי,שֶׁלָה,שוב,שוב,אנקרה,לִיגָה,מ,נמצא,בית קולנוע,טאם,נוֹלָד,הקריירה שלו,אני,ngc,סְגָן,מִלחָמָה,למרכז,אמריקה,משמש,הַבָּא,דֶרֶך,צָרְפָתִית,יוצא,ו,עִיר,שְׁלִישִׁי,אַפְרִיקָה,שנים,סך הכל,ביד,סגנון תצוגה,היי,פה,הַבטָחָה,קְבוּצָה,חבר ב,רשת,ה,מְקוֹמִי,המדינה שלך,מפורסם,יש ל,בתקופה,עֵסֶק,קָדוֹשׁ,עשה,מִשְׂחָק,סרט צילום,זֶה,ימין,סוף כל סוף,יַחַד,ניתן ל,זהב,אנטוליה,לְחַבֵּר,לשוק,חִיוּנִי,הצטרף,תַפְקִיד,שֵׁם,בעונה,שֵׁרוּת,נוצר,מִנהָל,לוקח,בתפקיד,ידוע,אבל,צבאי,בית,איחוד של,קְבוּצָה,וִידֵאוֹ,איפה,בשנים,מֶרְכָּז,מאז,נולד,מַעֲרָב,סמוך ל,אותו-לה-זה,למה
а также,один,Это,в виде,с участием,для,дает,из,в год,тот самый,от,потом,Рекомендации,то,на,более,в истории,первый,зубы,место,Ссылки,в виде,если,очень,большой,до того как,между,также,это произошло,в архиве,на месте,или же,машина,путь назад,новый,от,одно и тоже,но,судебный,Другие,к,Генеральная,турецкий,связанный,все вместе,является,найти в,Старый,Стамбул,его,домен,многие,Имя,ее,Музыка,O,взял,сделал,Мир,июнь,начал,Население,все,км,важный,год,да,Турция,Февраль,против,в графство,помолвка,был,июль,государственный,песня,маршировать,перед,Может,церковь,а также,а,фильм,Ноябрь,в,Январь,высокая,в,Октябрь,Английский,Продолжать,много,следующий,Декабрь,входящий,длинный,монастырь,исторический,Собираюсь,ему,над,принятие,Некоторый,сентябрь,владелец,формальный,август,три,небольшой,Немецкий,над,Один,раз,женщина,сделал,Османский,имеет,очередной раз,вашей провинции,игрок,время,задача,второй,в течение,альбом,собственный,годы,быть,это,разные,i̇lk,в том, что,награда,короткая,специальный,Европа,просто,его население,на,Международный,вне,кто-то,команда,в пути,деятель,р,видеть,Изобразительное искусство,мы,Глава,во время,футбол,князь,год,Британский,из-за,локальная сеть,центральный,разные,альбом,Национальный,Американец,назад,несмотря на,особенно,образование,ставить,это,время,то,прошло,о,доступны,новый,он сделал,человек,вечеринка,группа,мама,день,единый,принадлежит,география,сделал,хорошо,стол письменный,Цель,i̇yi,Восток,юг,нацистский,но,Другой,история,Университет,Был,вместо,использовал,Национальный,середина,о,через,Майкрософт,война,время года,делает,род,о,обычно,политический,по имени,в период,отправляться,так,далеко,под,так как,формальный,ее,очередной раз,очередной раз,Анкара,лига,из,найден,кино,там,родившийся,его карьера,являюсь,нгк,заместитель,война,в центр,Америка,используется,следующий,способ,Французский,выход,а также,город,в третьих,африка,лет,общее,в руке,стиль отображения,Привет,здесь,обещать,группа,член,сеть,то,местный,твоя страна,известный,имеет,в период,бизнес,святой,сделано,игра,фильм,Что,верно,наконец-то,все вместе,дано,золото,Анатолия,кусок,На рынок,жизненно важный,присоединился,роль,название,в сезон,услуга,сформированный,Администрация,принимает,в роли,известен,но,военный,дом,союз,команда,видео,где,годами,центр,поскольку,был рожден,Запад,возле,его-ее-это,это почему
و,واحد,هو - هي,مثل,مع,ل,يعطي,من عند,في السنة,الواحد,بواسطة,ثم,المراجع,ال,على,أكثر,في تاريخ,أول,أسنان,مكان,الروابط,مثل,إذا,الكثير,كبير,حتى,ما بين,أيضا,لقد حدث,مؤرشف,بالموقع,أو,آلة,طريق العودة,الجديد,بواسطة,نفس,لكن,قضائي,آخر,ل,جنرال لواء,اللغة التركية,متصل,سويا,هو,عثر عليه في,قديم,اسطنبول,له,نطاق,عديدة,الاسم الأول,ها,موسيقى,ا,أخذ,فعلت,العالمية,يونيو,بدأت,تعداد السكان,الكل,كم,مهم,عام,نعم,تركيا,شهر فبراير,ضد,الى المقاطعة,الارتباط,كان,تموز,حالة,أغنية,آذار,قبل - قبل أن,مايو,كنيسة,و,أ,فيلم,شهر نوفمبر,في,كانون الثاني,عالي,في,اكتوبر,الانجليزية,استمر,كثير,التالي,كانون الأول,واردة,طويل,ديرصومعة,تاريخي,على وشك,له,على,قبول,بعض,شهر سبتمبر,صاحب,رسمي,أغسطس,ثلاثة,صغير,ألمانية,على,أعزب,مرات,النساء,مصنوع,العثماني,لديها,تكرارا,من مقاطعتك,لاعب,زمن,مهمة,ثانيا,أثناء,الألبوم,خاصة,سنوات,يكون,فعلا,مختلف,على ما يرام,هل هذا,جائزة,قصير القامة,خاص,أوروبا,فقط,سكانها,على,دولي,خارج,شخص ما,فريق,في الطريق,الفاعل,ص,يرى,فن,كانوا,رئيس ل,في الوقت المناسب,كرة القدم,أمير,عام,بريطاني,بسبب,لوكال نت,وسط,المتنوعة,الألبوم,وطني,أمريكي,عودة,بالرغم من,خاصة,التعليم,وضع,انها,زمن,ال,مرت,حول,تتوفر,الجديد,صنع,شخص,حفل,مجموعة,أم,يوم,موحد,تنتمي إلى,جغرافية,مصنوع,حسن,طاولة مكتب,هدف,i̇yi,الشرق,جنوب,النازي,لكن,الاخرى,التاريخ,جامعة,لقد كان,في حين أن,تستخدم,وطني,وسط,حول,على مدار,مايكروسوفت,حرب,الموسم,عمل,جنس,حول,مستخدم,سياسي,بالاسم,في فترة,انطلقت,وبالتالي,بعيد,تحت,لأن,رسمي,ها,تكرارا,تكرارا,أنقرة,الدوري,من عند,وجد,سينما,tam,ولد,حياته المهنية,صباحا,نانوغرام,النائب,حرب,للمركز,أمريكا,يستخدم,التالي,طريق,الفرنسية,يخرج,و,مدينة,الثالث,أفريقيا,سنة,مجموع,فى اليد,عرض,أهلا,هنا,يعد,مجموعة,عضو في,الويب,ال,محلي,بلدك,مشهور,لديها,في تلك الفترة,اعمال,قديس,لقد انتهى,لعبه,فيلم,الذي - التي,صحيح,أخيرا,سويا,اعطى ل,ذهب,الأناضول,قطعة,إلى السوق,مهم للغاية,انضم,وظيفة,اسم,في الموسم,الخدمات,شكلت,الادارة,تأخذ,في الدور,معروف,لكن,الجيش,الصفحة الرئيسية,اتحاد,فريق,فيديو,أين,في سنوات,المركز,حيث,ولد,غرب,قرب,له هي,لماذا هذا
et,une,il,comme,avec,pour,donne,de,dans l&#39;année,celui,par,Puis,les références,les,au,Suite,dans l&#39;histoire de,premier,dents,endroit,Liens,comme,si,très,gros,jusqu&#39;à ce que,entre,également,c&#39;est arrivé,archivé,sur site,ou alors,machine,chemin de retour,Nouveau,par,même,mais,judiciaire,autre,à,général,turc,lié,ensemble,est,trouvé dans,vieille,Istanbul,son,domaine,beaucoup,Prénom,sa,musique,O,a pris,a fait,monde,juin,a débuté,population,tout,km,important,an,Oui,dinde,février,contre,au comté,engagement,a été,juillet,Etat,chanson,Mars,avant que,Mai,église,et,une,film,novembre,dans,janvier,haute,dans,octobre,L&#39;anglais,Continuez,beaucoup,suivant,décembre,entrant,longue,monastère,historique,sur le point d,lui,plus de,acceptation,Quelque,septembre,propriétaire,formel,août,Trois,petit,Allemand,plus de,Célibataire,fois,femme,fait,ottoman,possède,de nouveau,de votre province,joueur,temps,tâche,deuxième,durant,album,propre,années,être,est-ce que c&#39;est,différent,i̇lk,est-ce,prix,court,spécial,L&#39;Europe ,juste,sa population,au,international,en dehors,Quelqu&#39;un,équipe,de la manière,auteur,r,voir,de l&#39;art,ont été,chef de,à l&#39;heure,Football,prince,l&#39;année de,Britanique,à cause de,localnet,central,divers,album,nationale,américain,dos,malgré,surtout,éducation,mettre,son,temps,les,transmis,à propos de,sont disponibles,Nouveau,il a fait,personne,fête,grouper,mère,journée,unifié,appartenir à,la géographie,fait,bien,bureau,but,i̇yi,est,Sud,nazi,mais,une autre,l&#39;histoire,Université,a été,plutôt,utilisé,nationale,milieu,à propos de,tout au long de,Microsoft,guerre,saison,Faire,genre,à propos de,d&#39;habitude,politique,de nom,dans la période de,déclencher,donc,un moyen,en dessous de,car,formel,sa,de nouveau,de nouveau,Ankara,ligue,de,est trouvé,cinéma,tam,ne,sa carrière,un m,ngc,adjoint,guerre,au centre,Amérique,est utilisé,suivant,chemin,français,sortir,et,ville,la troisième,Afrique,ans,le total,dans la main,style d&#39;affichage,salut,ici,promettre,grouper,membre de,la toile,les,local,votre pays,célèbre,possède,dans la période,affaires,Saint,a fait,Jeu,film,Cette,droite,finalement,ensemble,donné à,or,anatolie,pièce,au marché,vital,rejoint,rôle,Nom,dans la saison,un service,formé,Administration,prends,dans le rôle,connu,mais,militaire,domicile,union de,équipe,vidéo,où,dans des années,centre,puisque,est né,Ouest,près,lui-elle-elle,pourquoi donc
και,ένας,το,όπως και,με,Για,δίνει,από,το έτος,το ένα,με,Επειτα,βιβλιογραφικές αναφορές,ο,επί,περισσότερο,στην ιστορία του,πρώτα,δόντια,θέση,Συνδέσεις,όπως και,αν,πολύ,μεγάλο,μέχρι,μεταξύ,επίσης,συνέβη,αρχειοθετημένα,στην ιστοσελιδα,ή,μηχανή,δρόμο της επιστροφής,νέος,με,ίδιο,αλλά,δικαστικός,άλλα,προς την,γενικός,τούρκικος,συνδεδεμένος,μαζί,είναι,βρέθηκε στο,παλαιός,Κωνσταντινούπολη,του,τομέα,Πολλά,Ονομα,αυτήν,ΜΟΥΣΙΚΗ,Ο,πήρε,έκανε,κόσμος,Ιούνιος,ξεκίνησε,πληθυσμός,όλα,χιλιόμετρα,σπουδαίος,έτος,Ναί,Τουρκία,Φεβρουάριος,κατά,στο νομό,σύμπλεξη,υπήρξε,Ιούλιος,κατάσταση,τραγούδι,Μάρτιος,πριν,Ενδέχεται,Εκκλησία,και,ένα,ταινία,Νοέμβριος,σε,Ιανουάριος,υψηλός,σε,Οκτώβριος,Τα Αγγλικά,να συνεχίσει,πολύ,Επόμενο,Δεκέμβριος,εισερχόμενος,μακρύς,μοναστήρι,ιστορικός,έτοιμος να,αυτόν,πάνω από,αποδοχή,Μερικοί,Σεπτέμβριος,ιδιοκτήτης,επίσημος,Αύγουστος,τρία,μικρό,Γερμανός,πάνω από,μονόκλινο,φορές,γυναίκα,έκανε,Ντιβανοκασέλα,έχει,πάλι,της επαρχίας σας,παίχτης,χρόνος,έργο,δεύτερος,στη διάρκεια,άλμπουμ,τα δικά,χρόνια,είναι,είναι,διαφορετικός,γένος,είναι αυτό,βραβείο,μικρός,ειδικός,Ευρώπη,μόλις,τον πληθυσμό του,επί,Διεθνές,έξω,κάποιος,ομάδα,στο δρόμο,πράττων,ρ,βλέπω,τέχνη,ήταν,επικεφαλής του,εγκαίρως,ποδόσφαιρο,πρίγκιπας,έτος του,Βρετανοί,εξαιτίας,localnet,κεντρικός,διάφορος,άλμπουμ,Εθνικός,Αμερικανός,πίσω,παρά,ειδικά,εκπαίδευση,βάζω,του,χρόνος,ο,μετακυλίεται,σχετικά με,είναι διαθέσιμα,νέος,Αυτός έκανε,πρόσωπο,κόμμα,ομάδα,μητέρα,ημέρα,ενοποιημένος,ανήκει σε,γεωγραφία,έκανε,Καλός,γραφείο,στόχος,είμαι,Ανατολή,Νότος,Ναζί,αλλά,αλλο,ιστορία,πανεπιστήμιο,υπήρξαν,αντι αυτου,μεταχειρισμένος,Εθνικός,μεσαίου,σχετικά με,καθόλη τη διάρκεια,microsoft,πόλεμος,εποχή,πράξη,γένος,σχετικά με,συνήθως,πολιτικός,από όνομα,κατά την περίοδο,συμψηφίσει,Έτσι,Μακριά,υπό,επειδή,επίσημος,αυτήν,πάλι,πάλι,Άγκυρα,σύνδεσμος,από,βρίσκεται,κινηματογράφος,ταμ,γεννημένος,η καριέρα του,είμαι,ngc,αναπληρωτής,πόλεμος,στο κέντρο,Αμερική,χρησιμοποιείται,Επόμενο,τρόπος,γαλλική γλώσσα,βγαίνοντας,και,πόλη,τρίτος,Αφρική,χρονών,σύνολο,στο χερι,στυλ εμφάνισης,γεια,εδώ,υπόσχεση,ομάδα,μέλος,ιστός,ο,τοπικός,η χώρα σου,διάσημος,έχει,στην περίοδο,επιχείρηση,άγιος,έχει κάνει,παιχνίδι,ταινία,Οτι,σωστά,τελικά,μαζί,δώθηκε σε,χρυσός,ανατολία,κομμάτι,στην αγορά,ζωτικής σημασίας,εντάχθηκαν,ρόλος,όνομα,στη σεζόν,υπηρεσία,σχηματίστηκε,Διαχείριση,παίρνει,στο ρόλο,γνωστός,αλλά,Στρατός,Σπίτι,ένωση της,ομάδα,βίντεο,όπου,σε χρόνια,κέντρο,Από,γεννήθηκε,δυτικά,κοντά,αυτός-αυτή-αυτό,γιατί αυτό
and,one,it,as,with,for,gives,from,in the year,the one,by,Then,references,the,on,more,in the history of,first,teeth,place,Links,as,if,very,big,until,between,also,it happened,archived,on site,or,machine,wayback,new,by,same,but,judicial,other,to,general,Turkish,connected,together,is,found in,old,Istanbul,his,domain,many,First Name,her,music,O,took,did,world,June,started,population,all,km,important,year,yes,Turkey,February,against,to county,engagement,has been,July,state,song,March,before,May,church,and,a,film,November,in,January,high,in,October,The English,continue,much,next,December,incoming,long,monastery,historical,about to,him,over,acceptance,Some,September,owner,formal,August,three,small,German,over,single,times,woman,made,Ottoman,has,again,of your province,player,time,task,second,during,album,own,years,be,is it,different,i̇lk,is that,award,short,special,Europe,just,its population,on,international,out,someone,team,in the way,doer,r,see,art,were,head of,in time,football,prince,year of,British,because of,localnet,central,various,album,National,American,back,despite,especially,education,put,its,time,the,passed on,about,are available,new,he made,person,party,group,mother,day,unified,belong to,geography,made,good,desk,goal,i̇yi,East,South,nazi,but,another,history,university,have been,instead,used,National,middle,about,throughout,microsoft,war,season,doing,genus,about,usually,political,by name,in the period of,set off,so,away,under,because,formal,her,again,again,Ankara,league,from,is found,cinema,tam,born,his career,am,ngc,deputy,war,to the center,America,is used,next,way,French,coming out,and,city,third,africa,years old,total,in hand,displaystyle,Hi,here,promise,group,member of,web,the,local,your country,famous,has,in the period,business,saint,has done,game,film,That,right,finally,together,given to,gold,anatolia,piece,to the market,vital,joined,role,name,in the season,service,formed,Administration,is taking,in the role,known,but,military,home,union of,team,video,where,in years,center,since,was born,West,near,him-her-it,why is that
