de,es,it,he,ru,fr,el,tr,en
beim,Von,Auf,Tor,mir,Das,Ort,Jahr,oder,Welche,Er,Mit,Über,Englisch,Referenz,Der Sohn von,Es war,Vereinigt,zwischen,Was,das ist,die Staaten,Extern,Flaggen,sie,Entfernung,Welche,Diese,Sie war,Jahr,Auf Englisch,ein Ball,Und,Nein,Vor,Sklave,Mohammed,Wo,Während,so wie,Links,Das,Nummer,،,Nicht,Getan,Treu,Hast,Junge,Sowie,Bis um,Etwas,Jahrhundert,vielleicht,nicht,Dann,Alle,Welche,Der Fuss,Mehr,und er,Wissenschaft,Welche,Könnten,der Krieg,Stadt,Beim,Scheich,Aussehen,Unter,Bilden,es ist ein,Das,Das Königreich,لاعب,zehn,Wann,Fuß,Gott,Viele,Ebenfalls,Beziehungen,Und es war,والتي,Für ihn,- -,der Fluss,Beschädigung,Und von,Vor,In welchem,Abu,zuerst,aus,Deren,Der Erste,weil,Zuerst,Aufführen,Frau,Brise,Ebenfalls,alle,Von welchem,Versammlung,Intelligenz,Verweise,Andere,Bewertung,die Welt,Komplett,Population,Um,Einer,Der Staat,Loslassen,Der Zweite,M.,brouwn,auf ihn,Politik,gemäß,Frauen,Ost,Januar,Arabisch,Künstlich,wenn,ist sein,Deutschland,لكرة,D. D.,وتوفي,Verein,Deutsche,Ohne,innerhalb,Sein,Universität,Center,Daten,Sammlung,Noch,Ebenfalls,März,Amerikanisch,,Erdkunde,Timur,zum,von,Hat verloren,Nummer,einer,drin,Stadt,um,Bereich,Die Kommission,Außer,erreichen,Region,Das Jahr,amerikanisch,Ägypten,Basim,Es,Das,Oktober,Gelegen,Das,Juni,Mein Vater,auf ihr,Als,der Zweite,eine Halskette,Marokko, Westen, Sonnenuntergang,Tag,Sohn,Größer,Die Union,Ali,abspielen,Einschließlich,Und sie war,September,zu ihr,da drüben,der National,Frauen,Über,خِتان,Mai,Wie für,Zeit,April,Das,Datum,Globalismus,Die Sprache,Datum,Intervall,Juli,Aber,Base,Englisches Portal,das System,gegen,Mitglied,Das gleiche,Groß,Existenz,Vereinigt,,Tafel,Seine Bewohner,Während,die Arbeit,Februar,Dez.,Substantiv,Stadt,Zeitraum,Aufgestanden,Patriotismus,August,Digital,die Regierung,د,Buch,Süd,Das gleiche,Das,,Schrieb,Sultan,Clicker,Rekrutierung,Nur,Frankreich,Subs,mehrere,Nov.,Holland,Mit,Wie,Er sagte,Ahmad,U.,Aktion,scheinen,Zeit,Französisch,Prozess,Gouvernorat,sonst,والذي,Juni,Seite? ˅,Shaw,Einmal,durch,Religion,Geburtenstarke Jahrgänge,der Körper,wurde,USA,Eure Heiligkeit,der dritte,Bericht,Sport,Gebäude,Wikis,das offizielle,Boykott,Der König,Präsident,Zusatz,Referenz,Weg,Jemen,für jeden,Und tat es nicht,Stute,die Öffentlichkeit,der Film,Ja,Darstellung,Jahre,Sind verwandt,Twinning,Bundesland,International,Population,barmherzig,Leben,wann,Bildung,Zu,Status,E.,die Einheit
a,De,En,Puerta,a mi,que,Localización,Año,o,Cual,El,Con,Acerca de,inglés,Referencia,El hijo de,Era,Unido,Entre,Qué,esto es,los Estados,Externo,Banderas,ella,distancia,Cual,Esto,ella estaba,Año,En Inglés,una bola,Y,No,Antes,Esclavo,Mohamed,Dónde,Durante,como tal,Enlaces,que,Número,،,No,Hecho,Y en,Posee,Chico,Como,Hasta que,Algunos,Siglo,tal vez,No,Luego,Todas,Cual,El pie,Más,y el,Ciencias,Cual,Podría,la guerra,Ciudad,A,Jeque,Mirar,Debajo,Formulario,es un,que,El Reino,لاعب,diez,Cuándo,Pie,Dios,Muchos,También,Relaciones,Y fue,والتي,para él,-,el río,Daño,Y de,Atrás,En el cual,Abu,primero,Fuera,Cuyo,el primero,Porque,Primero,Lista,mujer,brisa,También,todas,De los cuales,reunión,Inteligencia,Referencias,Otras,Velocidad,el mundo,Completo,Población,Alrededor,Uno,El estado,Déjalo ir,El segundo,METRO,brouwn,en él,Política,Según,Hembras,Oriental,enero,Arábica,Artificial,Si,está siendo,Alemania,لكرة,D.,وتوفي,club,alemán,sin,dentro,Ser,Universidad,centrar,Datos,Colección,Ni,También,marcha,Americano,,Geografía,Timur,hacia,de,Perdió,Número,uno,en eso,Ciudad,alrededor,Área,La Comisión,Excepto,alcanzar,Región,El año,americano,Egipto,Basim,Eso,Que,octubre,Situado,La,junio,Mi padre,sobre su,Que,el segundo,un collar,Marruecos, Oeste, puesta de sol,día,Hijo,Más grande,la Union,Ali,tocar,Incluso,Y ella fue,septiembre,a ella,Por ahí,el Nacional,Mujeres,A través de,خِتان,Mayo,Como para,Hora,abril,que,Fecha,Globalismo,El idioma,Fecha,intervalo,mes de julio,Pero,Base,Portal en ingles,el sistema,en contra,Miembro,Lo mismo,Grande,Existencia,Unido,,Junta,Sus habitantes,Tiempo,la obra,febrero,dic,Sustantivo,Ciudad,Período,Se levantó,Patriotismo,agosto,Digital,el Gobierno,د,Libro,Sur,Lo mismo,que,,Escribió,Sultán,Clickers,Reclutamiento,Solo,Francia,Subs,varios,nov,Holanda,Con,Como,Él dijo,Ahmad,U,Acción,parecer,hora,francés,Proceso,conservación,demás,والذي,junio,Sitio,Shaw,Una vez,por,Religión,Baby boomers,el cuerpo,se ha convertido,EE.UU,Su Santidad,El tercero,Informe,Deportes,Edificio,Wikis,el oficial,boicotear,El rey,presidente,Adición,referencia,Camino,A quien,para cada,Y no,yegua,el público,la película,sí,representación,Años,Están relacionados,Hermanamiento,Expresar,Internacional,Población,misericordioso,La vida,Cuándo,Educación,Hacia,estado,mi,la unidad
a,A partire dal,Sopra,cancello,per me,quella,Posizione,Anno,o,Quale,lui è,Con,Di,inglese,Riferimento,Il figlio di,Era,Unito,fra,Che cosa,questo è,gli Stati,Esterno,Bandiere,lei,distanza,Quale,Questo,lei era,Anno,In inglese,una palla,E,No,Prima,Schiavo,Mohammed,Dove,Durante,come tale,Collegamenti,quella,Numero,،,Non,Fatto,E in,Ha,Ragazzo,Ad esempio,Fino a,Alcuni,Secolo,può essere,non ha fatto,Poi,Tutti,Quale,Il piede,Di più,e lui,Scienza,Quale,Poteva,la guerra,Città,A,Sceicco,Guarda,Sotto,Modulo,è un,quella,Il Regno,لاعب,dieci,quando,Piede,Dio,Molti,Anche,Relazioni,Ed esso era,والتي,per lui,-,il fiume,Danno,E da,Fa,In quale,Abu,primo,Su,Di chi,il primo,Perché,Primo,Elenco,donna,brezza,Anche,tutti,Di cui,raccolta,Intelligenza,Riferimenti,Altro,Vota,il mondo,Completare,Popolazione,In giro,Uno,Lo stato,Lasciarlo andare,Il secondo,M,brouwn,su di lui,Politica,Secondo,Femmine,Orientale,gennaio,Arabo,Artificiale,Se,è essere,Germania,لكرة,D.,وتوفي,club,Tedesco,Senza,entro,Essere,Università,centro,Dati,Collezione,Né,Anche,marzo,Americano,,Geografia,Timur,al,di,Perduto,Numero,uno,dentro,Città,in giro,La zona,La Commissione,Tranne,raggiungere,Regione,L&#39;anno,americano,Egitto,Basim,It,Quella,ottobre,Situato,Il,giugno,Mio padre,su di lei,Di,il secondo,una collana,Marocco, ovest, tramonto,giorno,Figlio,Più grandi,l&#39;Unione,Ali,giocare,Compreso,E lo era,settembre,a lei,laggiù,la nazionale,Donne,Attraverso,خِتان,Maggio,Quanto a,Tempo,aprile,quella,Data,Globalismo,La lingua,Data,intervallo,luglio,Ma,Base,Portale inglese,il sistema,contro,Membro,Lo stesso,Grande,Esistenza,Unito,,tavola,I suoi abitanti,Mentre,il lavoro,febbraio,Dic,Sostantivo,Città,Periodo,Sorsero,Patriottismo,agosto,Digitale,il governo,د,Libro,Sud,Lo stesso,quella,,Ha scritto,Sultano,Clicker,Reclutamento,Solo,Francia,sottotitoli,parecchi,Nov,Olanda,Con,Come,Egli ha detto,Ahmad,U,Azione,sembrare,tempo,francese,Processi,Governatorato,altro,والذي,giugno,Luogo,Shaw,Una volta,di,Religione,Baby boomer,il corpo,è diventato,Stati Uniti d&#39;America,Sua Santità,il terzo,rapporto,Gli sport,Edificio,Wiki,l&#39;ufficiale,boicottare,Il re,Presidente,Aggiunta,riferimento,Modo,A cui,per ogni,E non lo fece,cavalla,il pubblico,la pellicola,sì,rappresentazione,Anni,Sono correlati,Gemellaggio,stato,Internazionale,Popolazione,misericordioso,Vita,quando,Formazione scolastica,Verso,stato,E,l&#39;unità
ב,מ,על,שַׁעַר,לי,זֶה,אתר,שָׁנָה,או,אשר,הוא,עם,על אודות,האנגלית,התייחסות,הבן של,היה,מאוחד,בין,מה,זה,ארצות הברית,חיצוני,דגלים,היא,אחר,איזה,זה,הייתה,שנה,באנגלית,כדור,וגם,לא,לפני,עבד,מוחמד,איפה,בְּמַהֲלָך,כמו,קישורים,זה,מספר,,,לֹא,בוצע,ובתוך,יש ל,יֶלֶד,כמו,עד,כמה,מֵאָה,אולי,לא,אז,כל,איזה,כף הרגל,יותר,והוא,מַדָע,איזה,אולי,המלחמה,עיר,אצל,שֵׁיך,תראה,תַחַת,טופס,זה,זֶה,הממלכה,لاعب,עשר,מתי,רגל,אלוהים,רב,גַם,יחסים,וזה היה,والتي,לו,-,הנהר,נֵזֶק,ומ,מאז,באיזה,אבו,ראשון,הַחוּצָה,של מי,הראשון,בגלל,ראשון,רשימה,האישה,רוּחַ,גַם,כל,ממנה,כֶּנֶס,אינטליגנציה,הפניות,אחרת,ציון,העולם,לְהַשְׁלִים,אוּכְלוֹסִיָה,סְבִיב,אחד,המדינה,לעזוב,השני,M,בני,עליו,פּוֹלִיטִיקָה,לפי,נקבות,מזרחי,ינואר,הערבית,מְלָאכוּתִי,אם,יהיה,גרמניה,لكرة,זאת,وتوفي,מועדון,גֶרמָנִיָת,לְלֹא,בְּתוֹך,לִהיוֹת,אוניברסיטה,מֶרְכָּז,נתונים,אוסף,ולא,גַם,מרץ,אֲמֶרִיקָאִי,,גֵאוֹגרַפיָה,טימור,אל ה,שֶׁל,אָבֵד,מספר,אחד,בּוֹ,עִיר,סְבִיב,אזור,הנציבות,מלבד,לְהַגִיעַ,אזור,השנה,אֲמֶרִיקָאִי,מצרים,בסים,היא,זֶה,אוקטובר,ממוקם,ה,יוני,אבא שלי,עליה,מאשר,השני,שרשרת,מרוקו,יום,בן,יותר גדול,האיחוד,על,שחק,לְרַבּוֹת,והיא הייתה,ספטמבר,לה,שם,הלאומי,נשים,ברחבי,ختان,מאי,בנוגע ל,זְמַן,אַפּרִיל,זֶה,היסטוריה,גלובליזם,השפה,תאריך,תקופה,יולי,אבל,בסיס,פורטל אנגלית,המערכת,נגד,חבר,נפש,גדול,קִיוּם,מאוחד,,גלשן,תושביה,בעוד ש,העבודה,פברואר,דצמבר,שֵׁם עֶצֶם,עִיר,פרק זמן,קם,אַהֲבַת הַמוֹלֶדֶת,אוגוסט,דִיגִיטָלי,הממשלה,د,סֵפֶר,דרום,אותו הדבר,זה,,כתבתי,סולטן,קליקרים,גיוס,רק,צרפת,משנה,כלים,נובמבר,הולנד,עם,כפי ש,אמר,אחמד,U,עבודה,התחיל,זְמַן,צרפתית,ניתוח,נפת,אחר,والذي,יוני,האתר,מה,פַּעַם,באמצעות,דת,דור הבייבי בום,הגוף,נהיה,אמריקה,הוד קדושתך,השלישי,להגיש תלונה,ספורט,בִּניָן,ויקי,הרשמי,חֵרֶם,המלך,נָשִׂיא,בנוסף,התייחסות,דרך,למי,לכל,ולא עשה זאת,סוּסָה,הציבור,הסרט,כן,יִצוּג,שנים,קשורים זה לזה,תאומים,מדינה,בינלאומי,אוּכְלוֹסִיָה,רַחוּם,חַיִים,מתי,לימודים,לקראת,מצב,ה,היחידה
в,Из,На,Ворота,мне,что,Место расположения,Год,или же,Который,он,С участием,О,английский,Справка,Сын,Это было,Объединенный,между,Какие,это,Штаты,Внешний,Флаги,она,расстояние,Который,Этот,Она была,Год,На английском,мяч,А также,Нет,Перед,Раб,Мохаммед,Где,В течение,как таковой,Ссылки,что,Число,،,Не,Сделанный,И в,Имеет,Мальчик,Такой как,До того как,Некоторый,Век,может быть,не,потом,Все,Который,Ступня,Более,и он,Наука,Который,Мог,война,Город,В,Шейх,Посмотрите,Под,Форма,это,что,Королевство,لاعب,десять,Когда,Стопа,Бог,Многие,Также,Отношения,И это было,والتي,для него,-,река,Повреждать,И из,Тому назад,В котором,Абу,первый,Вне,Чей,первое,Так как,Первый,Список,женщина,ветер,Также,все,Из которых,встреча,Интеллект,Рекомендации,Другой,Показатель,мир,Полный,Население,Вокруг,Один,Штат,отпусти ситуацию,Второй,M,Браун,на нем,Политика,В соответствии,Самки,Восточная,Январь,арабский,Искусственный,если,сейчас,Германия,لكرة,Д.,وتوفي,клуб,Немецкий,Без,в,Быть,Университет,центр,Данные,Коллекция,Ни,Также,маршировать,Американец,География,Тимур,к,из,Потерянный,Число,один,в этом,Город,вокруг,Область,Комиссия,Кроме,достигать,Область, край,Год,Американец,Египет,Басим,Это,Что,Октябрь,Расположена,В,июнь,Мой отец,На ней,Чем,второй,ожерелье,Марокко, Запад, закат,день,Сын,Больше,Союз,Али,играть,В том числе,И она была,сентябрь,ей,там,Национальный,Женщины,Через,خِتان,Может,Что касается,Время,апреля,что,Дата,Глобализм,Язык,Дата,интервал,июль,Но,База,Английский портал,система,против,Член,Тоже самое,Большой,Существование,Объединенный,,доска,Его жители,Пока,работа,Февраль,Декабрь,Существительное,Город,Период,Возник,Патриотизм,август,Цифровой,правительство,د,Книга,юг,Тоже самое,что,,Написал,Султан,Кликеры,Прием на работу,Только,Франция,Запасные части,несколько,Ноя,Голландия,С участием,В виде,Он сказал,Ахмад,U,Действие,казаться,время,Французский,Процесс,Провинция,еще,والذي,июнь,Сайт,Шоу,Один раз,от,Религия,Бэби-бумеры,тело,стал,США,Ваше Святейшество,третий,Отчет,Виды спорта,Строительство,Вики,официальный,бойкотировать,Король,Президент,Добавление,Справка,Способ,Кому,для каждого,И не,кобыла,публика,фильм,да,представление,Годы,Относятся к,Twinning,государственный,Международный,Население,милосердный,Жизнь,когда,Образование,К,статус,E,Единица
à,De,Au,Porte,tome,cette,position,An,ou alors,Lequel,il est,Avec,À propos,L&#39;Anglais,Référence,Le fils de,C&#39;était,Uni,entre,Quoi,c&#39;est,les États,Externe,Drapeaux,elle,distance,Lequel,Cette,elle était,Une annee,En anglais,un ballon,Et,Non,Avant que,Trimer,Mohammed,Où,Durant,en tant que tel,Liens,cette,Nombre,،,Non,Fait,Et en,Possède,Garçon,Tel que,Jusqu&#39;à ce que,Quelque,Siècle,Peut être,n&#39;a pas,Puis,Chaque,Lequel,Le pied,Suite,et il,La science,Lequel,Pourrait,la guerre,Ville,À,Cheik,Voir,En dessous de,Forme,c&#39;est un,cette,Le Royaume,لاعب,Dix,Lorsque,Le pied,Dieu,Beaucoup,Également,Des relations,Et c&#39;était,والتي,pour lui,-,la rivière,Endommager,Et de,Depuis,Dans lequel,Abu,premier,En dehors,À qui,la première,Parce que,D&#39;abord,Lister,femme,brise,Également,tout,Dont,la cueillette,Intelligence,Les références,Autre,Taux,le monde,Compléter,Population,Environ,Une,L&#39;état,Laisser aller,La deuxième,M,brouwn,sur lui,Politique,Selon,Les femelles,Est,janvier,L&#39;arabe,Artificiel,si,est,Allemagne,لكرة,RÉ.,وتوفي,club,l&#39;Allemagne,Sans,dans,Être,Université,centre,Données,Collection,Ni,Également,Mars,Américain,,Géographie,Timur,au,de,Perdu,Nombre,une,dedans,Ville,environ,Surface,La Commission,Sauf,atteindre,Région,L&#39;année,américain,Egypte,Basim,Il,Cette,octobre,Situé,le,juin,mon pére,sur elle,Que,la deuxième,un collier,Maroc, Ouest, coucher de soleil,journée,Fils,Plus grand,l&#39;Union,Ali,jouer,Comprenant,Et elle était,septembre,à elle,là-bas,le National,Femmes,De l&#39;autre côté,خِتان,Mai,Pour ce qui est de,Temps,avril,cette,Date,Mondialisme,La langue,Date,intervalle,juillet,Mais,Base,Portail anglais,le système,contre,Membre,Le même,grand,Existence,Uni,,Conseil,Ses habitants,Pendant que,l&#39;oeuvre,février,déc,Prenom,Ville,Période,Se leva,Patriotisme,août,Numérique,le gouvernement,د,un Livre,Sud,Le même,cette,,A écrit,Sultan,Cliqueurs,Recrutement,Seul,France,Sous-marins,plusieurs,nov,Hollande,Avec,Si,Il a dit,Ahmad,U,action,sembler,temps,français,Traiter,Gouvernorat,autre,والذي,juin,Placer,Shaw,Une fois que,par,Religion,Baby boomers,le corps,est devenu,Etats-Unis,Votre Sainteté,le troisième,Signaler,Des sports,Imeuble,Wikis,l&#39;officiel,boycotter,Le roi,Président,Une addition,référence,Chemin,À qui,pour chaque,Et n&#39;a pas,jument,le public,le film,Oui,représentation,Années,Sont liés,Jumelage,Etat,International,La population,miséricordieux,Vie,lorsque,Éducation,Vers,statut,E,l&#39;unité
στο,Από,Επί,Πύλη,σε μένα,ότι,Τοποθεσία,Ετος,ή,Οι οποίες,αυτός είναι,Με,Σχετικά με,Αγγλικά,Αναφορά,Ο γιος του,Ήταν,Ενωμένος,μεταξύ,Τι,αυτό είναι,οι πολιτείες,Εξωτερικός,Σημαίες,αυτή,απόσταση,Οι οποίες,Αυτό,ήταν,Ετος,Στα Αγγλικά,μια μπάλα,Και,Οχι,Πριν,Δούλος,Μωάμεθ,Οπου,Στη διάρκεια,ως τέτοια,Συνδέσεις,ότι,Αριθμός,,,Μη,Ολοκληρώθηκε,Και στο,Έχει,Αγόρι,Οπως,Μέχρι,Μερικοί,Αιώνας,μπορεί,δεν,Επειτα,Ολα,Οι οποίες,Το πόδι,Περισσότερο,και αυτος,Επιστήμη,Οι οποίες,Θα μπορούσε,ο πόλεμος,Πόλη,Στο,Σέιχης,Κοίτα,Υπό,Μορφή,είναι ένα,ότι,Το Βασίλειο,لاعب,δέκα,Πότε,Πόδι,Θεός,Πολλά,Επίσης,Σχέσεις,Και ήταν,والتي,για εκείνον,-,το ποτάμι,Βλάβη,Και από,Πριν,Στο οποίο,Αμπού,πρώτα,Εξω,Του οποίου,ο πρώτος,Επειδή,Πρώτα,Λίστα,γυναίκα,αεράκι,Επίσης,όλα,Εκ των οποίων,συγκέντρωση,Νοημοσύνη,βιβλιογραφικές αναφορές,Αλλα,Τιμή,ο κόσμος,Πλήρης,Πληθυσμός,Περίπου,Ενας,Το κράτος,άστο να πάει,Το δεύτερο,Μ,μπράουν,σε αυτόν,Πολιτική,Σύμφωνα με,Γυναίκες,Ανατολικός,Ιανουάριος,αραβικός,Τεχνητός,αν,ειναι,Γερμανία,لكرة,ΡΕ.,وتوفي,Λέσχη,Γερμανός,Χωρίς,στα πλαίσια,Είναι,Πανεπιστήμιο,κέντρο,Δεδομένα,Συλλογή,Ούτε,Επίσης,Μάρτιος,Αμερικανός,,Γεωγραφία,Τιμόρ,στο,του,Χαμένος,Αριθμός,ένας,μέσα σε αυτό,Πόλη,περίπου,Περιοχή,Η Επιτροπή,Εκτός,φθάνω,Περιοχή,Το έτος,Αμερικανός,Αίγυπτος,Basim,Το,Οτι,Οκτώβριος,Βρίσκεται,ο,Ιούνιος,Ο πατέρας μου,Σε αυτήν,Από,το δεύτερο,ένα κολιέ,Μαρόκο, Δύση, ηλιοβασίλεμα,ημέρα,Υιός,Μεγαλύτερος,η Ενωση,Αλί,παίζω,Συμπεριλαμβανομένου,Και ήταν,Σεπτέμβριος,σε αυτή,εκεί,ο Εθνικός,γυναίκες,Απέναντι,خِتان,Ενδέχεται,Οσον αφορά,χρόνος,Απρίλιος,ότι,Ημερομηνία,Παγκοσμιοποίηση,Η γλώσσα,Ημερομηνία,διάστημα,Ιούλιος,Αλλά,Βάση,Αγγλική πύλη,το σύστημα,κατά,Μέλος,Το ίδιο,Μεγάλο,Υπαρξη,Ενωμένος,,σανίδα,Οι κάτοικοί του,Ενώ,η δουλειά,Φεβρουάριος,Δεκ,Ουσιαστικό,Πόλη,Περίοδος,Έγινε,Πατριωτισμός,Αύγουστος,Ψηφιακό,η κυβέρνηση,Δ,Βιβλίο,Νότος,Το ίδιο,ότι,,Έγραψε,Σουλτάνος,Κλικ,ΠΡΟΣΛΗΨΗ,Μόνο,Γαλλία,Υποτμήματα,αρκετά,Νοε,Ολλανδία,Με,Οπως και,Αυτός είπε,Αχμάντ,Ε,Δράση,φαίνομαι,χρόνος,γαλλική γλώσσα,Επεξεργάζομαι, διαδικασία,Κυβερνείο,αλλού,والذي,Ιούνιος,Ιστοσελίδα,Σω,Μια φορά,με,Θρησκεία,Baby boomers,το σώμα,έχει γίνει,ΗΠΑ,Αγιότητά σας,η τρίτη,Κανω ΑΝΑΦΟΡΑ,Αθλητισμός,Κτίριο,Βικι,το επίσημο,μποϋκοτάζ,Ο βασιλιάς,Πρόεδρος,Πρόσθεση,αναφορά,Τρόπος,Σε ποιον,για κάθε,Και όχι,φοράδα,το κοινό,η ταινία,Ναί,αναπαράσταση,Χρόνια,Σχετίζονται,Αδελφοποίηση,κατάσταση,Διεθνές,Πληθυσμός,εύσπλαχνος,ΖΩΗ,πότε,Εκπαίδευση,Προς,κατάσταση,μι,η μονάδα
-de,Nereden,üzerine,Kapı,bana göre,o,yer,Yıl,veya,Hangi,o,İle,hakkında,ingilizce,Referans,Kahve,Öyleydi,Birleşik,arasında,Ne,bu,Devletler,Harici,Bayraklar,o,sonraki,Hangi,Bu,o idi,Yıl,İngilizcede,bir top,Ve,hayır,Önce,Köle,Muhammet,Nerede,Sırasında,gibi,Bağlantılar,o,Numara,،,Olmayan,Bitti,Ve,Vardır,Oğlan,Gibi,A kadar,Biraz,Yüzyıl,olabilir,yapmadı,Sonra,Herşey,Hangi,Ayak,Daha,ve o,Bilim,Hangi,Abilir,savaş,Kent,Şurada:,Şeyh,Bak,Altında,Form,bu bir,o,Krallık,لاعب,on,olduğunda,Ayak,Allah,Birçok,Ayrıca,İlişkiler,Ve öyleydi,والتي,onun için,-,nehir,Hasar,Ve,Önce,İçinde,Abu,ilk,Dışarı,Kimin,ilk,Çünkü,İlk,Liste,Kadın,nefes,Ayrıca,herşey,Olan,toplama,Zeka,Referanslar,Diğer,Puanla,Dünya,Tamamlayınız,Nüfus,etrafinda,Bir,Eyalet,bırak gitsin,İkinci,M,Brouwn,onun üzerine,Siyaset,Göre,Dişiler,Doğu,Ocak,Arapça,Yapay,Eğer,oluyor,Almanya,لكرة,D.,وتوفي,kulüp,Almanca,Olmadan,içinde,Ol,Üniversite,merkez,Veri,Toplamak,Ne de,Ayrıca,Mart,Amerikan,,Coğrafya,Timur,-e,nın-nin,Kayıp,Numara,bir,içinde,Kent,etrafında,Alan,Komisyon,Dışında,ulaşmak,Bölge,Yıl,Amerikan,Mısır,Basim,O,Bu,Ekim,Bulunan,The,Haziran,Babam,onun üzerinde,Daha,ikinci,Bir kolye,Fas, Batı, gün batımı,gün,Oğul,En büyük,Birlik,üzerine,Oyna,Dahil olmak üzere,Ve o,Eylül,ona,orada,Ulusal,KADIN,Karşısında,خِتان,Mayıs,Gelince,Zaman,Nisan,o,Tarih,Küreselleşme,Dil,Tarih,Aralık,Temmuz,ama,Baz,İngilizce portalı,sistem,karşısında,Üye,Aynısı,Büyük,Varoluş,Birleşik,,yazı tahtası,Sakinleri,Süre,iş,Şubat,Aralık,İsim,Kent,Periyot,Ortaya çıktı,Vatanseverlik,Ağustos,Dijital,hükümet,د,Kitap,Güney,Aynısı,bu,Yazdı,Sultan,Tıklayıcılar,İşe Alım,Sadece,Fransa,Abonelikler,birkaç,Kasım,Hollanda,İle,Gibi,Dedi,Ahmet,U,Aksiyon,görünmek,zaman,Fransızca,Süreç,Valilik,Başka,والذي,Haziran,Site,Shaw,bir Zamanlar,tarafından,Din,Baby boomers,vücut,olmuş,Amerika Birleşik Devletleri,Kutsallığın,üçüncü,Bildiri,Spor Dalları,Bina,Wiki&#39;ler,resmi,boykot,Kral,Devlet Başkanı,İlave,referans,Yol,Kime,her biri için,Ve yapmadım,kısrak,Halk,film,Evet,temsil,Yıllar,İlişkili mi,Eşleştirme,durum,Uluslararası,Nüfus,merhametli,Hayat,ne zaman,Eğitim,Doğru,statü,E,birim
at,From,On,Gate,to me,that,Location,Year,or,Which,he is,With,About,English,Reference,The son of,It was,United,between,What,this is,the states,External,Flags,she,distance,Which,This,she was,Year,In English,a ball,And,No,Before,Slave,Mohammed,Where,During,as such,Links,that,Number,،,Non,Done,And in,Has,Boy,Such as,Until,Some,Century,may be,did not,Then,All,Which,The foot,More,and he,Science,Which,Could,the war,City,At,Sheikh,Look,Under,Form,it&#39;s a,that,The kingdom,لاعب,ten,When,Foot,God,Many,Also,Relationships,And it was,والتي,for him,–,the river,Damage,And from,Ago,In which,Abu,first,Out,Whose,the first,Because,First,List,woman,breeze,Also,all,Of which,gathering,Intelligence,References,Other,Rate,the world,Complete,Population,Around,One,The state,let it go,The second,M,brouwn,on him,Politics,According,Females,Eastern,January,Arabic,Artificial,if,is being,Germany,لكرة,D.,وتوفي,club,German,Without,within,Be,University,center,Data,Collection,Nor,Also,March,American,,Geography,Timur,to the,of,Lost,Number,one,in it,City,around,Area,The Commission,Except,reach,Region,The year,American,Egypt,Basim,It,That,October,Located,The,June,My Father,on her,Than,the second,a necklace,Morocco, West, sunset,day,Son,Larger,the Union,Ali,play,Including,And she was,September,to her,over there,the National,Women,Across,خِتان,May,As for,Time,April,that,Date,Globalism,The language,Date,interval,July,But,Base,English portal,the system,against,Member,The same,Big,Existence,United,,board,Its inhabitants,While,the work,February,Dec,Noun,City,Period,Arose,Patriotism,August,Digital,the government,د,Book,South,The same,that,,Wrote,Sultan,Clickers,Recruitment,Only,France,Subs,several,Nov,Holland,With,As,He said,Ahmad,Yo,Action,seem,time,French,Process,Governorate,else,والذي,June,Site,Shaw,Once,by,Religion,Baby boomers,the body,has become,USA,Your Holiness,the third,Report,Sports,Building,Wikis,the official,boycott,The king,President,Addition,reference,Way,To whom,for every,And did not,mare,the public,the film,Yes,representation,Years,Are related,Twinning,state,International,Population,merciful,Life,when,Education,Toward,status,E,the unit
