de,es,it,he,ru,ar,fr,tr,en
von,und,das,von,das,das,von,Das,mit,τον,zu,im,wo,zum,von,in dem,im,das,ist,das,das,ihr,es war,im,beim,wie,das,im,στα,einer,das,ein,nicht,Das,gegen,das,nach dem,er hat,es hatte,aber,ich werde,während,zwei,sowie,ebenfalls,WHO,Verweise,wie,bis um,diese,wo,wann,zu,welche,zuerst,Jahre,ein,zwischen,zu,Verein,Außenseiter,sie,getan,Links,und,Mehr,Stadt,Position,Sie haben,ein,Jahrhundert,zusammen,nur,Teil,Bereich,gemäß,Dennoch,Quellen,später,Zeitraum,so,es kann,Geschichte,Irgendein,β΄,Sie hatten,wenn,Innerhalb,zuerst,z.B,Dauer,Meisterschaft,jeder,sehr,α΄,dann,isbn,Zeit,von,heute,zu,befindet sich,Wie,fällig,ein,von einem,ein,Name,oben,jedoch,hauptsächlich,Athena,ohne,Über,Vor,Nachrichten,unter,Film,National,groß,Kontinuität,das ist alles,aber,Arbeit,Ende,Wahlen,ein,Zeit,Dorf,Serie,nach dem,Deutsche,über,Prinzipien,Mitglied,von August,auf,Land,Nummer,viel,es gibt,Stadt,von a,Vorsitzende,Juli,gleich,unten,schließen,Letztendlich,September,drei,Sohn,Drücken Sie,Juni,Sitz,Zoe,rollen,System,konstituiert,damit das,Hellas,April,Kategorie,Projekte,Mannschaft,er wurde geboren,im,de,Englisch,b,Jahre,Daten,Marz,viele,empfangen,Oktober,immer noch,γ΄,mögen,Familie,Art,Bereiche,Kann,Ergebnis,Mitglieder,letzte,Abteilung,groß,verweist,gestartet,Januar,König,benutzen,Gruppen,von Krieg,zweite,Album,Länder,mal,Trotz,Alter,ehemalige,die meisten,es gibt,Dort,außer,alle,gegen,zunaechst,Andere,griechisch,Sortieren,Dezember,zuerst,Muss,Rennen,so viel wie,getan,Februar,Sie,Party,Musik-,Er hat gemacht,Gemeinschaft,Menschen,gleich,veröffentlicht,Center,Lied,Syntax,welche,Titel,Tod,Ausführung,von,Tochter,Jahr,κι,Körper,noch,das ist,ούστασε,Regierung,Schlacht,König,so ein,runden,südlich,nicht,Unternehmen,Land,zwischen,Artikel,Beispiel,Nein,gewonnen,verstorben,zweitens,c,von Griechenland,Bewohner,berücksichtigt,Bezeichnung,ist gewesen,Norden,größer,eines Heiligen,größer,sehen,verheiratet,zuerst,November,Sprache,drei,National,Biografie,Politik,km,National,wurde gegründet,Beziehung,Krieg,weil,nicht,Beteiligung,getan,Neu,fast,Gemeinde,uns,Frankreich,alle,Zeit,tut,teilgenommen,von,nachher,er,Website,Universität
de,y,la,de,la,la,de,La,con,τον,a,en,dónde,por,de,en el,en,la,es,la,la,su,era,en,a,como,la,en,στα,uno,la,a,no,que,en contra,la,después,él tiene,tenía,pero,voy a,tiempo,dos,como,además,OMS,referencias,como,Hasta que,esto,dónde,Cuándo,a,cual,primero,años,a,Entre,a,club,forasteros,ella,hecho,Enlaces,y,más,ciudad,posición,ellos tienen,a,siglo,juntos,solo,parte,área,según,sin embargo,fuentes,mas tarde,período,entonces,puede,historia,Alguna,β΄,tuvieron,Si,adentro,primero,p.ej,duración,campeonato,cada,muy,α΄,luego,isbn,hora,de,hoy,a,se encuentra,cómo,vencer,a,de uno,a,nombre,arriba,sin emabargo,principalmente,Atenea,sin,acerca de,antes de,noticias,debajo,película,nacional,estupendo,Continuidad,eso es todo,pero,trabaja,final,elecciones,a,hora,pueblo,serie,después,alemán,vía,principios,miembro,de agosto,en,país,número,mucho,existen,ciudad,de un,presidente,mes de julio,mismo,debajo,cerca,después de todo,septiembre,Tres,hijo,prensa,junio,asiento,Zoe,rodar,sistema,que constituye,para que,Hellas,abril,categoría,proyectos,equipo,Él nació,en,Delaware,inglés,B,años,datos,de marzo,muchos,recibió,octubre,todavía,γ΄,como,familia,tipo,areas,Mayo,resultado,miembros,último,Departamento,grande,se refiere,empezado,enero,Rey,usar,grupos,de guerra,segundo,álbum,Países,veces,A pesar de,edad,anterior,la mayoría,hay,allí,excepto,todas,en contra,primero,otros,griego,clasificar,diciembre,primero,deber,Razas,tanto como,hecho,febrero,ellos,fiesta,música,El hizo,comunidad,personas,mismo,liberado,centrar,canción,sintaxis,cual,título,muerte,versión,de,hija,año,κι,cuerpo,aún,es decir,ούστασε,Gobierno,batalla,Rey,tal,redondo,al sur,no,empresa,país,Entre,artículos,ejemplo,No,ganado,falleció,en segundo lugar,C,de Grecia,residentes,considerado,designacion,ha sido,norte,más grande,de un santo,más grande,ver,casado,primero,noviembre,idioma,Tres,nacional,biografía,política,km,Nacional,fue fundada,relación,guerra,porque,no,participación,hecho,nuevo,casi,municipio,nosotros,Francia,todas,hora,lo hace,participó,de,después,él,página web,Universidad
di,e,il,di,il,il,a partire dal,Il,con,τον,per,nel,dove,per,di,nel,nel,il,è,il,il,loro,era,nel,a,come,il,nel,στα,uno,il,un,non,quella,contro,il,dopo,lui ha,esso aveva,ma,Lo farò,mentre,Due,ad esempio,anche,Oms,Riferimenti,come,fino a,Questo,dove,quando,per,quale,primo,anni,un,fra,per,club,estranei,lei,fatto,collegamenti,e,Di più,città,posizione,loro hanno,un,secolo,insieme,solo,parte,la zona,secondo,Tuttavia,fonti,dopo,periodo,così,può,storia,Qualunque,β΄,avevano,Se,dentro,primo,per esempio,durata,campionato,ogni,molto,α΄,poi,isbn,tempo,a partire dal,oggi,per,si trova,Come,dovuto,un,di uno,un,nome,su,tuttavia,principalmente,Atena,senza,di,prima,notizia,sotto,film,nazionale,grande,Continuità,È tutto,ma,lavoro,fine,elezioni,un,tempo,villaggio,serie,dopo,Tedesco,attraverso,i principi,membro,di agosto,sopra,nazione,numero,Un sacco,ci sono,città,di una,presidente,luglio,stesso,sotto,vicino,Dopotutto,settembre,tre,figlio,stampa,giugno,posto a sedere,Zoe,roll,sistema,costituisce,in modo che,Hellas,aprile,categoria,progetti,squadra,è nato,nel,de,inglese,b,anni,dati,di marzo,molti,ricevuto,ottobre,ancora,γ΄,piace,famiglia,genere,le zone,Maggio,risultato,membri,scorso,Dipartimento,grande,si riferisce,iniziato,gennaio,re,uso,gruppi,di guerra,secondo,album,Paesi,volte,nonostante,età,ex,maggior parte,c&#39;è,Là,tranne,tutti,contro,All&#39;inizio,altri,greco,ordinare,dicembre,primo,dovere,gare,tanto quanto,fatto,febbraio,essi,festa,musica,Fece,Comunità,persone,stesso,rilasciato,centro,canzone,sintassi,quale,titolo,Morte,versione,a partire dal,figlia,anno,κι,corpo,ancora,questo è,ούστασε,governo,battaglia,re,come un,il giro,a sud,non,azienda,nazione,fra,elementi,esempio,no,ha vinto,deceduto,secondo,c,della Grecia,residenti,considerato,designazione,è stato,Nord,più grande,di un santo,più grande,vedere,sposato,primo,novembre,linguaggio,tre,nazionale,biografia,politica,km,Nazionale,è stato fondato,relazione,guerra,perché,non,partecipazione,fatto,nuovo,quasi,comune,noi,Francia,tutti,tempo,fa,partecipato,di,in seguito,lui,pagina web,Università
שֶׁל,ו,ה,שֶׁל,ה,ה,מ,ה,עם,τον,ל,ב,איפה,ל,שֶׁל,בתוך ה,ב,ה,הוא,ה,ה,שֶׁלָהֶם,זה היה,ב,בְּ-,כפי ש,ה,ב,στα,אחד,ה,א,לֹא,זֶה,נגד,ה,לאחר,יש לו,היה לו,אבל,אני אעשה,בזמן,שתיים,כמו,גַם,מי,הפניות,כפי ש,עד,זֶה,איפה,מתי,ל,איזה,ראשון,שנים,א,בֵּין,ל,מוֹעֲדוֹן,זרים,היא,בוצע,קישורים,ו,יותר,עִיר,עמדה,יש להם,א,מֵאָה,יַחַד,רק,חֵלֶק,אֵזוֹר,לפי,על כל פנים,מקורות,יותר מאוחר,פרק זמן,כך,זה יכול,הִיסטוֹרִיָה,כל,β΄,היה להם,אם,בְּתוֹך,ראשון,לְמָשָׁל,מֶשֶׁך,אַלִיפוּת,כל אחד,מאוד,α΄,לאחר מכן,isbn,זְמַן,מ,היום,ל,ממוקם,אֵיך,בשל,א,של אחד,א,שֵׁם,לְמַעלָה,למרות זאת,בעיקר,אתנה,לְלֹא,על אודות,לפני,חֲדָשׁוֹת,תַחַת,סרט צילום,לאומי,גדול,הֶמשֵׁכִיוּת,זה הכל,אבל,עֲבוֹדָה,סוֹף,בחירות,א,זְמַן,כְּפָר,סִדרָה,לאחר,גֶרמָנִיָת,באמצעות,עקרונות,חבר,של אוגוסט,עַל,מדינה,מספר,הרבה,יש,עִיר,של א,יו&quot;ר,יולי,אותו,לְהַלָן,סגור,אחרי הכל,סֶפּטֶמבֶּר,שְׁלוֹשָׁה,בֵּן,ללחוץ,יוני,מושב,זואי,גָלִיל,מערכת,מהווה,כדי ש,הלהס,אַפּרִיל,קטגוריה,פרויקטים,קְבוּצָה,הוא נולד,ב,דה,אנגלית,ב,שנים,נתונים,במרץ,רב,קיבלו,אוֹקְטוֹבֶּר,עוֹד,γ΄,כמו,מִשׁפָּחָה,סוּג,אזורים,מאי,תוֹצָאָה,חברים,אחרון,מַחלָקָה,גָדוֹל,מתייחס,התחיל,יָנוּאָר,מלך,להשתמש,קבוצות,של מלחמה,שְׁנִיָה,אַלבּוֹם,מדינות,פִּי,למרות,גיל,לְשֶׁעָבַר,רוב,יש,שם,מלבד,את כל,נגד,בתחילה,אחרים,יווני,סוג,דֵצֶמבֶּר,ראשון,צריך,מירוצים,ככל,בוצע,פברואר,הֵם,מפלגה,מוּסִיקָה,הוא עשה,קהילה,אֲנָשִׁים,אותו,מְשׁוּחרָר,מֶרְכָּז,שִׁיר,תחביר,איזה,כותרת,מוות,גִרְסָה,מ,בַּת,שָׁנָה,κι,גוּף,עדיין,זה,ούστασε,מֶמְשָׁלָה,קרב,מלך,כמו,עָגוֹל,דְרוֹמִי,לֹא,חֶברָה,מדינה,בֵּין,פריטים,דוגמא,לא,זכית,נפטר,שנית,ג,של יוון,תושבים,נחשב,יִעוּד,היה,צָפוֹן,גדול יותר,של קדוש,גדול יותר,לִרְאוֹת,נָשׂוּי,ראשון,נוֹבֶמבֶּר,שפה,שְׁלוֹשָׁה,לאומי,ביוגרפיה,מְדִינִיוּת,ק&quot;מ,לאומי,נוסד,מערכת יחסים,מִלחָמָה,כי,לֹא,הִשׁתַתְפוּת,בוצע,חָדָשׁ,כִּמעַט,עִירִיָה,לָנוּ,צָרְפַת,את כל,זְמַן,עושה,השתתף,שֶׁל,אחר כך,הוא,עמוד אינטרנט,אוּנִיבֶרְסִיטָה
из,а также,то,из,то,то,из,В,с участием,τον,к,в,где,для,из,в,в,то,является,то,то,их,это было,в,в,в виде,то,в,στα,один,то,а,нет,что,против,то,после,он получил,это было,но,Я буду,пока,два,такой как,также,кто,Рекомендации,в виде,до того как,это,где,когда,к,который,первый,годы,а,между,к,клуб,посторонние,она,Выполнено,ссылки,а также,более,город,должность,они имеют,а,век,все вместе,Только,часть,область,в соответствии,тем не менее,источники,позже,период,так,может,история,Любой,β΄,они имели,если,внутри,первый,например,продолжительность,чемпионат,каждый,очень,α΄,тогда,isbn,время,из,Cегодня,к,расположен,как,должное,а,одного,а,название,вверх,тем не мение,в основном,Афина,без,о,перед,Новости,под,фильм,национальный,большой,Непрерывность,это все,но,Работа,конец,выборы,а,время,деревня,ряд,после,Немецкий,через,принципы,член,августа,на,страна,номер,много,Существуют,город,из,председатель,июль,одно и тоже,ниже,Закрыть,после всего,сентябрь,три,сын,Нажмите,июнь,сиденье,Зои,рулон,система,составляет,для того, чтобы,Эллада,апреля,категория,проекты,команда,он родился,в,де,английский,б,годы,данные,марта,многие,получили,Октябрь,по-прежнему,γ΄,нравиться,семья,тип,области,Может,результат,члены,последний,отделение,большой,относится,начал,Январь,король,использовать,группы,войны,второй,альбом,Страны,раз,несмотря на,возраст,бывший,наиболее,Там есть,там,Кроме,все,против,сначала,другие,Греческий,Сортировать,Декабрь,первый,должен,скачки,столько, сколько,Выполнено,Февраль,Они,вечеринка,Музыка,Он сделал,сообщество,люди,одно и тоже,выпущенный,центр,песня,синтаксис,который,заглавие,смерть,версия,из,дочь,год,κι,тело,еще,это,ούστασε,правительство,боевой,король,такой,круглый,южнее,нет,Компания,страна,между,Предметы,пример,нет,победил,скончался,во-вторых,c,Греции,жители,считается,обозначение,был,к северу,больше,святого,больше,видеть,в браке,первый,Ноябрь,язык,три,национальный,биография,политика,км,Национальный,был основан,отношение,война,так как,не,участие,Выполнено,новый,почти,муниципалитет,нас,Франция,все,время,делает,принимала участие,из,потом,он,страница в Интернете,Университет
من,و,ال,من,ال,ال,من عند,ال,مع,τον,ل,في,أين,ل,من,في ال,في,ال,هو,ال,ال,هم,كانت,في,في,مثل,ال,في,στα,واحد,ال,أ,ليس,الذي - التي,ضد,ال,بعد,حصل,كان لها,لكن,انا سوف,في حين,اثنين,مثل,أيضا,من الذى,المراجع,مثل,حتى,هذا,أين,متي,ل,الذي,أول,سنوات,أ,ما بين,ل,النادي,الغرباء,هي,منجز,الروابط,و,أكثر,مدينة,وضع,يملكون,أ,مئة عام,سويا,فقط,جزء,منطقة,تبعا,مع ذلك,مصادر,الى وقت لاحق,فترة,وبالتالي,يمكن,التاريخ,أي,β΄,كان لديهم,إذا,داخل,أول,على سبيل المثال,المدة الزمنية,بطولة,كل,جدا,α΄,ومن بعد,isbn,زمن,من عند,اليوم,ل,يقع,كيف,بسبب,أ,من واحد,أ,اسم,فوق,ومع ذلك,في الأساس,أثينا,بدون,حول,قبل,الإخبارية,تحت,فيلم,وطني,رائعة,استمرارية,هذا كل شئ,لكن,الشغل,نهاية,انتخابات,أ,زمن,قرية,مسلسل,بعد,ألمانية,عبر,مبادئ,عضو,من أغسطس,على,بلد,عدد,كثيرا,يوجد,مدينة,من أ,رئيس,تموز,نفس,أدناه,قريب,بعد كل ذلك,شهر سبتمبر,ثلاثة,ابن,صحافة,يونيو,مقعد,زوي,تدحرج,النظام,يشكل,من أجل ذلك,هيلاس,أبريل,الفئة,المشاريع,فريق,لقد كان ولدا,في,دي,الإنجليزية,ب,سنوات,البيانات,مارس,عديدة,تم الاستلام,اكتوبر,ما يزال,γ΄,مثل,الأسرة,يكتب,المناطق,مايو,نتيجة,أفراد,الاخير,قسم,كبير,يشير,بدأت,كانون الثاني,ملك,استعمال,مجموعات,الحرب,ثانيا,الألبوم,الدول,مرات,بالرغم من,سن,سابق,عظم,هناك,هناك,يستثني,الكل,ضد,في البدايه,الآخرين,اليونانية,فرز,ديسمبر,أول,يجب,سباقات,بقدر ما,منجز,شهر فبراير,أنهم,حفل,موسيقى,صنع,تواصل اجتماعي,اشخاص,نفس,صدر,مركز,أغنية,بناء الجملة,الذي,لقب,الموت,إصدار,من عند,بنت,عام,κι,الجسم,حتى الآن,هذا هو,ασε,حكومة,معركة,ملك,مثل هذا,مستدير - كروي,جنوبا,ليس,شركة,بلد,ما بين,العناصر,مثال,لا,وون,وافته المنية,ثانيا,ج,اليونان,سكان,اعتبر,تعيين,كان,شمال,أكبر,قديس,أكبر,يرى,متزوج \ متزوجة,أول,شهر نوفمبر,لغة,ثلاثة,وطني,سيرة شخصية,سياسات,كم,وطني,تأسست,صلة,حرب,لأن,عدم,مشاركة,منجز,الجديد,تقريبيا,البلدية,نحن,فرنسا,الكل,زمن,يفعل,شارك,من,بعد ذلك,هو,صفحة على الإنترنت,جامعة
de,et,les,de,les,les,de,le,avec,τον,à,dans,où,pour,de,dans le,dans,les,est,les,les,leur,c&#39;était,dans,à,comme,les,dans,στα,une,les,une,ne pas,cette,contre,les,après,il a,cela a,mais,je vais,tandis que,deux,tel que,également,qui,les références,comme,jusqu&#39;à ce que,cette,où,lorsque,à,lequel,premier,années,une,entre,à,club,étrangers,elle,Fini,liens,et,Suite,ville,positionner,ils ont,une,siècle,ensemble,seul,partie,surface,selon,cependant,sources,plus tard,période,donc,ça peut,l&#39;histoire,Quelconque,β΄,ils avaient,si,à l&#39;intérieur,premier,par exemple,durée,championnat,chaque,très,α΄,ensuite,isbn,temps,de,aujourd&#39;hui,à,est situé,comment,dû,une,d&#39;un,une,Nom,en haut,pourtant,surtout,Athéna,sans pour autant,à propos de,avant que,nouvelles,en dessous de,film,nationale,génial,Continuité,c&#39;est tout,mais,travail,finir,élections,une,temps,village,séries,après,Allemand,passant par,des principes,membre,d&#39;août,au,pays,numéro,beaucoup,il y a,ville,d&#39;un,président,juillet,même,au dessous de,Fermer,après tout,septembre,Trois,fils,presse,juin,siège,Zoé,rouleau,système,constitue,afin que,Hellas,avril,Catégorie,projets,équipe,il est né,dans,de,Anglais,b,années,Les données,de Mars,beaucoup,reçu,octobre,encore,γ΄,aimer,famille,taper,zones,Mai,résultat,membres,dernier,département,grande,se réfère,a débuté,janvier,Roi,utiliser,groupes,de guerre,deuxième,album,Des pays,fois,malgré,âge,ancien,les plus,il y a,là,sauf,tout,contre,d&#39;abord,autres,grec,sorte,décembre,premier,doit,les courses,autant que,Fini,février,elles ou ils,fête,musique,Il a fait,communauté,gens,même,publié,centre,chanson,syntaxe,lequel,Titre,décès,version,de,la fille,an,κι,corps,encore,C&#39;est,ούστασε,gouvernement,bataille,Roi,tel que,rond,du sud,ne pas,entreprise,pays,entre,éléments,Exemple,non,Gagné,décédé,en deuxième,c,de la Grèce,résidents,pris en considération,la désignation,a été,Nord,plus gros,d&#39;un saint,plus gros,voir,marié,premier,novembre,Langue,Trois,nationale,Biographie,politique,km,nationale,A été trouvé,relation,guerre,car,non,participation,Fini,Nouveau,presque,municipalité,nous,France,tout,temps,Est-ce que,participé,de,après,il,page Web,Université
nın-nin,ve,,nın-nin,,,itibaren,The,ile,τον,-e,içinde,nerede,için,nın-nin,içinde,içinde,,dır-dir,,,onların,öyleydi,içinde,-de,gibi,,içinde,στα,bir,,a,değil,o,karşısında,,sonra,o var,vardı,fakat,yapacağım,süre,iki,gibi,Ayrıca,DSÖ,Referanslar,gibi,a kadar,bu,nerede,ne zaman,-e,hangi,ilk,yıl,a,arasında,-e,kulüp,yabancılar,o,bitti,bağlantılar,ve,Daha,Kent,durum,onlar sahip,a,yüzyıl,birlikte,sadece,Bölüm,alan,göre,Yine de,kaynaklar,sonra,dönem,yani,yapabilir,Tarih,Hiç,β΄,onlar vardı,Eğer,içeride,ilk,Örneğin,süresi,şampiyonluk,her biri,çok,α΄,sonra,isbn,zaman,itibaren,bugün,-e,bulunduğu,Nasıl,vadesi dolmuş,a,birinin,a,isim,yukarı,ancak,esasen,Athena,olmadan,hakkında,önce,Haberler,altında,film,Ulusal,harika,Süreklilik,bu kadar,fakat,iş,son,seçimler,a,zaman,köy,dizi,sonra,Almanca,üzerinden,prensipler,üye,Ağustos,açık,ülke,numara,çok,var,Kent,bir,başkan,Temmuz,aynı,altında,kapat,sonunda,Eylül,üç,oğul,basın,Haziran,oturma yeri,Zoe,rulo,sistemi,teşkil,amacıyla,Hellas,Nisan,kategori,projeler,takım,doğdu,içinde,de,ingilizce,b,yıl,veri,Mart,birçok,Alınan,Ekim,hala,γ΄,sevmek,aile,tip,alanlar,Mayıs,sonuç,üyeler,son,Bölüm,büyük,atıfta,başladı,Ocak,kral,kullanım,grupları,savaşın,ikinci,albüm,Ülkeler,zamanlar,rağmen,yaş,eski,çoğu,var,Orada,dışında,herşey,karşısında,Başta,diğerleri,Yunan,çeşit,Aralık,ilk,zorunlu,yarışlar,kadar,bitti,Şubat,onlar,Parti,müzik,O yaptı,topluluk,insanlar,aynı,yayınlandı,merkez,şarkı,sözdizimi,hangi,Başlık,ölüm,versiyon,itibaren,kız evlat,yıl,κι,vücut,hala,yani,ούστασε,hükümet,savaş,kral,böyle bir,yuvarlak,güneye doğru,değil,şirket,ülke,arasında,öğeler,misal,Hayır,kazandı,Geçti,ikinci olarak,c,Yunanistan&#39;ın,sakinleri,düşünülen,atama,olmuştur,Kuzeyinde,daha büyük,bir azizin,daha büyük,görmek,evli,ilk,Kasım,dil,üç,Ulusal,biyografi,politika,km,Ulusal,bulundu,ilişki,savaş,Çünkü,olmayan,katılım,bitti,yeni,neredeyse,belediye,bize,Fransa,herşey,zaman,yapar,katıldı,nın-nin,sonrasında,o,web sayfası,Üniversite
of,and,the,of,the,the,from,The,with,τον,to,in,where,for,of,in the,in,the,is,the,the,their,it was,in,at,as,the,in,στα,one,the,a,not,that,against,the,after,he&#39;s got,it had,but,I will,while,two,such as,also,who,references,as,until,this,where,when,to,which,first,years,a,between,to,club,outsiders,she,done,links,and,more,city,position,they have,a,century,together,only,part,area,according,Nevertheless,sources,later,period,so,it can,history,Any,β΄,they had,if,inside,first,e.g,duration,championship,each,very,α΄,then,isbn,time,from,today,to,is located,how,due,a,of one,a,name,up,however,mainly,Athena,without,about,before,news,under,film,national,great,Continuity,that&#39;s all,but,work,end,elections,a,time,village,series,after,German,via,principles,member,of August,on,country,number,a lot,there are,city,of a,chairman,July,same,below,close,after all,September,three,son,press,June,seat,Zoe,roll,system,constitutes,in order that,Hellas,April,category,projects,team,he was born,in,de,English,b,years,data,of March,many,received,October,still,γ΄,like,family,type,areas,May,result,members,last,Department,large,refers,started,January,king,use,groups,of war,second,album,Countries,times,despite,age,former,most,there is,there,except,all,against,at first,others,Greek,sort,December,first,must,races,as much as,done,February,they,party,music,He made,community,people,same,released,centre,song,syntax,which,title,death,version,from,daughter,year,κι,body,yet,that is,ούστασε,government,battle,king,such a,round,southerly,not,company,country,between,items,example,no,won,passed away,secondly,c,of Greece,residents,considered,designation,has been,North,bigger,of a saint,bigger,see,married,first,November,language,three,national,biography,policy,km,National,was founded,relationship,war,because,non,participation,done,new,almost,municipality,us,France,all,time,does,participated,of,afterward,he,web page,university
