de,es,it,he,ru,ar,el,tr,en
von,das,das,und,auf,beim,von,das,von,ist,ein,im,durch,ein,das,beim,zum,WHO,sicher,ein,mit,Was,seine,Portal,ich weiß,Mehr,sind,oder,es,zu,zum,diese,wie,seine,Sommer-,diese,nicht,Paris,Komm herein,von ihnen,Mehr,Frankreich,geboren,nach dem,dun,gemacht,auch,Verweise,Düne,haben,unter,deren,Anmerkungen,so,seine,Französisch,schon seit,Krieg,ihr,Stadt,so,sogar,oder,zuerst,zuerst,diese,Jahre,ebenfalls,dann,Jahrhundert,Verbindungen,gegen,Jahre,Nachname,dann,war,extern,Teil,Film,Y.,Welt,war,Ehre,sehen,verbreitet,Auflistung,Kann,November,Politik,April,März,Januar,Juli,Dezember,Jahreszeit,Juni,drei,dass er,Disney,Ende,Gruppe,sein,alle,sehr,Land,Vor,September,August,Französisch,Süd,hoch,Sie,Oktober,m,viele,Platz,Geschichte,alle,gegenüber,Titel,Familie,tot,Seite? ˅,Februar,Kino,können,andere,Zeit,Neu,Mulhouse,Norden,während,Pierre,Leben,ohne,Klassen,Jeans,gehen,Zeit,Linie,Referenz,insbesondere,weder,gut,Allgemeines,Nein,Artikel,nach dem,und,diese,Serie,National,Neu,Start,nochmal,gemäß,Gesellschaft,Boris,groß,Filme,ihr,National,haben,Sohn,Vereinigte Staaten,Mannschaft,nicht,Gemeinden,wenig,machen,hätten,Provinz,Musik-,Region,ist,Verein,Folge,Einwohner,deine,Weniger,deshalb,Population,Tour,Theater,Biografie,verbunden,wird,Name,Museum,Englisch,von,Straße,Meter,und,konsultiert,König,vier,Center,alle,Republik,von,bilden,Regierung,Gesicht,Lage,Preis,ein paar,Papa,John,Nest,historisch,zweite,während,Ausführung,finden,ernannt,Ausgaben,ist,im,Artikel,Kultur,System,Rat,bis um,Bedienung,fünf,zuerst,vol,Produktion,wird sein,Maler,Monat,Base,ist,Zeitraum,zweite,f,in der Nähe von,Frauen,Werdegang,Fußball,Szene,abgehackt,zu,amerikanisch,Literaturverzeichnis,Teil,dann,spät,Andere,km,gelegen,jedoch,Marokko,alle,Tage,so viel,sich ausruhen,Schloss,Das,gelegen,Charles,léglise,Abteilung,langleterre,Minister,andere,Wagen,zahlreich,Sein,1,lesen,Punkt,Mann,Mitglieder,Präsident,Wette,Fliege,Jahr,neueste,Haus,Heilige,Körper,International,Genre,losfahren,Muss,global,Konstruktion,Mitglied,immer,Frauen,Chef,Spiel,Ressourcen,Bericht,jeder,unter,Tag,klein
de,la,la,y,en,a,desde,la,de,es,a,dentro,mediante,a,la,a,para,OMS,sobre,a,con,que,su,portal,se,Más,están,o,ella,a,hacia,esto,como,su,Verano,este,no,París,entre,de ellos,más,Francia,Nació,después,pardo,hecho,también,referencias,duna,tienen,debajo,cuyo,notas,entonces,su,francés,desde,guerra,su,ciudad,entonces,incluso,o,primero,primero,estas,años,además,luego,siglo,vínculos,en contra,años,apellido,después,estaba,externo,parte,película,y,mundo,estaba,honor,ver,Común,listado,Mayo,noviembre,Política,abril,marzo,enero,julio,diciembre,estación,junio,tres,que él,disney,final,grupo,estar,todo,muy,país,antes de,septiembre,agosto,francésa,Sur,grande,ellos,octubre,metro,varios,lugar,historia,todas,hacia,título,familia,muerto,sitio,febrero,cine,puede,otro,hora,nuevo,Mulhouse,norte,durante,Piedra,la vida,sin,clase,vaqueros,Marcharse, irse,hora,línea,referencia,especialmente,ninguno de los dos,bien,general,No,artículos,después,y,esto,serie,nacional,nueva,inicio,de nuevo,de acuerdo a,sociedad,boris,estupendo,Película (s,su,nacional,haber,hijo,Estados Unidos,equipo,no,comunas,pequeño,hacer,tenía,provincia,música,región,es,club,episodio,habitantes,tuya,menos,Entonces,población,excursión,teatro,biografía,relacionados,se convierte en,nombre,Museo,inglés,desde,calle,metros,y,consultado,Rey,cuatro,centrar,toda,República,de,formulario,Gobierno,cara,localización,Premio,algunas,padre,John,nido,histórico,el segundo,durante,versión,encontrar,fijado,ediciones,es,en,artículo,cultura,sistema,Consejo,hasta,Servicio,cinco,primero,vol,producción,estarán,pintor,mes,base,es,período,en segundo,F,cerca,mujeres,carrera profesional,fútbol,escena,cortado,a,americano,bibliografía,parte,luego,tarde,otros,km,situado,sin emabargo,Marruecos,todas,dias,mucho,descansar,castillo,que,Localizado,Charles,léglise,Departamento,langleterre,ministro,otro,carro,numeroso,ser,1er,leer,punto,hombre,miembros,presidente,apuesta,volar,año,último,casa,Santo,cuerpo,internacional,género,activar,deber,global,construcción,miembro,siempre,mujeres,jefe,partido,recursos,relación,cada,entre,día,pequeño
a partire dal,il,il,e,sopra,a,delle,il,di,è,un,nel,attraverso,una,il,a,per,Oms,sicuro,un,con,che cosa,suo,portale,lo so,Di più,siamo,o,Lei,per,Agli,Questo,come,suoi,estate,questa,non,Parigi,Entra,di loro,Di più,Francia,Nato,dopo,Dun,fatto,anche, pure,Riferimenti,duna,avere,sotto,di cui,Appunti,allora,il suo,francese,da,guerra,loro,città,in tal modo,anche,o,primo,primo,questi,anni,anche,durante,secolo,collegamenti,contro,anni,nome,poi,era,esterno,parte,film,Y,mondo,era,onore,vedere,Comune,listato,Maggio,novembre,Politica,aprile,marzo,gennaio,luglio,dicembre,stagione,giugno,tre,che lui,Disney,fine,gruppo,essere,tutto,molto,nazione,prima,settembre,agosto,francese,Sud,grande,loro,ottobre,m,parecchi,posto,storia,tutti,in direzione,titolo,famiglia,morto,luogo,febbraio,cinema,puo,altro,ora,nuovo,mulhouse,Nord,durante,Pierre,vita,senza,Classi,jeans,partire,tempo,linea,riferimento,particolarmente,né,bene,generale,no,articoli,dopo,e,Questo,serie,nazionale,nuovo,inizio,ancora,secondo,società,boris,grande,film,loro,nazionale,avere,figlio,stati Uniti,squadra,non,comuni,poco,rendere,aveva,Provincia,musica,regione,è,club,episodio,abitanti,il tuo,Di meno,pertanto,popolazione,tour,Teatro,biografia,relazionato,DIVENTA,Nome,Museo,inglese,delle,strada,metri,e,consultato,re,quattro,centro,tutti,Repubblica,a partire dal,modulo,governo,viso,luogo,prezzo,alcune,papà,John,nido,storico,secondo,durante,versione,trova,nominato,edizioni,e,nel,articolo,cultura,sistema,consigli,fino a,servizio,cinque,primo,vol,produzione,sarà,pittore,mese,base,è,periodo,secondo,f,vicino,donne,carriera,calcio,scena,mozzato,Allo scopo,americano,bibliografia,parte,poi,tardi,altri,km,trova,tuttavia,Marocco,tutte,giorni,tanto,riposo,castello,quella,trova,charles,léglise,Dipartimento,langleterre,ministro,altro,auto,numerosi,essere,1 °,leggere,punto,uomo,membri,Presidente,scommessa,volare,anno,ultimo,casa,santo,corpo,internazionale,genere,parti,dovere,globale,costruzione,membro,sempre,donne,Capo,incontro,risorse,rapporto,ogni,tra,giorno,piccolo
מ,ה,ה,ו,עַל,בְּ-,שֶׁל,ה,שֶׁל,הוא,א,ב,דרך,א,ה,בְּ-,ל,מי,בטוח,א,עם,מה,שֶׁלוֹ,שַׁעַר,אני יודע,יותר,הם,אוֹ,זה,ל,אל ה,זֶה,כפי ש,שֶׁלוֹ,קַיִץ,זֶה,לֹא,פריז,היכנס,שלהם,יותר,צָרְפַת,נוֹלָד,לאחר,רזה,עָשׂוּי,גַם,הפניות,חוֹלִית,יש,תַחַת,של מי,הערות,כך,שֶׁלוֹ,צָרְפָתִית,מאז,מִלחָמָה,שֶׁלָהֶם,עִיר,כך,אֲפִילוּ,אוֹ,ראשון,ראשון,אלה,שנים,גַם,לאחר מכן,מֵאָה,חיבורים,נגד,שנים,שם משפחה,לאחר מכן,היה,חיצוני,חֵלֶק,סרט צילום,י,עוֹלָם,היה,כָּבוֹד,לִרְאוֹת,מְשׁוּתָף,רישום,מאי,נוֹבֶמבֶּר,פּוֹלִיטִיקָה,אַפּרִיל,מרץ,יָנוּאָר,יולי,דֵצֶמבֶּר,עונה,יוני,שְׁלוֹשָׁה,שהוא,דיסני,סוֹף,קְבוּצָה,להיות,את כל,מאוד,מדינה,לפני,סֶפּטֶמבֶּר,אוגוסט,צָרְפָתִית,דָרוֹם,גובה,הֵם,אוֹקְטוֹבֶּר,M,רב,מקום,הִיסטוֹרִיָה,את כל,לִקרַאת,כותרת,מִשׁפָּחָה,מֵת,אֲתַר,פברואר,בית קולנוע,פחית,אַחֵר,זְמַן,חָדָשׁ,בית גשם,צָפוֹן,בזמן,פייר,חַיִים,לְלֹא,שיעורים,גִ&#39;ינס,ללכת,זְמַן,קַו,התייחסות,במיוחד,לא זה ולא זה,טוֹב,כללי,לא,מאמרים,לאחר,ו,זֶה,סִדרָה,לאומי,חָדָשׁ,הַתחָלָה,שוב,לפי,חֶברָה,בוריס,גדול,סרטים,שֶׁלָהֶם,לאומי,יש,בֵּן,ארצות הברית,קְבוּצָה,לֹא,קומונות,קטן,עשה,היה,מָחוֹז,מוּסִיקָה,אזור,הוא,מוֹעֲדוֹן,פרק,תושבים,שלך,פָּחוּת,לָכֵן,אוּכְלוֹסִיָה,סיור,תיאטרון,ביוגרפיה,קָשׁוּר,הופך להיות,שֵׁם,מוּזֵיאוֹן,אנגלית,מ,רְחוֹב,מטר,ו,התייעץ,מלך,ארבע,מֶרְכָּז,את כל,רפובליקה,מ,טופס,מֶמְשָׁלָה,פָּנִים,מקום,מחיר,כמה,אַבָּא,ג&#39;ון,קֵן,הִיסטוֹרִי,שְׁנִיָה,בְּמַהֲלָך,גִרְסָה,למצוא,מונה,מהדורות,הוא,ב,מאמר,תַרְבּוּת,מערכת,עֵצָה,עד,שֵׁרוּת,חָמֵשׁ,ראשון,כרך א &#39;,הפקה,יהיה,צייר,חוֹדֶשׁ,בסיס,הוא,פרק זמן,שְׁנִיָה,f,סמוך ל,נשים,קריירה,כדורגל,סְצֵינָה,קצוץ,ל,אֲמֶרִיקָאִי,בִּיבּלִיוֹגְרָפִיָה,חֵלֶק,לאחר מכן,מאוחר,אחרים,ק&quot;מ,ממוקם,למרות זאת,מָרוֹקוֹ,את כל,ימים,כל כך,מנוחה,טִירָה,זֶה,ממוקם,צ&#39;רלס,léglise,מַחלָקָה,langleterre,שר בממשלה,אַחֵר,אוטו,רַבִּים,להיות,1,לקרוא,נְקוּדָה,איש,חברים,נָשִׂיא,לְהַמֵר,לטוס, זבוב,שָׁנָה,הכי מאוחר,בַּיִת,קָדוֹשׁ,גוּף,בינלאומי,ז&#39;ָאנר,הפעיל,צריך,גלוֹבָּלִי,בְּנִיָה,חבר,תמיד,נשים,רֹאשׁ,התאמה,אֶמְצָעִי,להגיש תלונה,כל אחד,בין,יְוֹם,קָטָן
из,то,то,а также,на,в,из,то,из,является,а,в,через,а,то,в,для,кто,Конечно,а,с участием,какие,его,портал,я знаю,более,находятся,или же,Это,к,к,это,в виде,его,летом,это,нет,Париж,Заходи,их,более,Франция,родившийся,после,серовато-коричневый,сделал,тоже,Рекомендации,дюна,имеют,под,чей,заметки,так,его,Французский,поскольку,война,их,город,так,четный,или же,первый,первый,эти,годы,также,тогда,век,связи,против,годы,Фамилия,тогда,было,внешний,часть,фильм,Y,Мир,было,честь,видеть,общий,листинг,Может,Ноябрь,Политика,апреля,маршировать,Январь,июль,Декабрь,время года,июнь,три,что он,Дисней,конец,группа,быть,все,очень,страна,перед,сентябрь,август,Французский,юг,высокий,Они,Октябрь,м,многие,место,история,все,в направлении,заглавие,семья,мертвых,сайт,Февраль,кино,может,Другие,время,новый,Mulhouse,к северу,пока,Пьер,жизнь,без,Классы,джинсы,идти,время,линия,Справка,особенно,ни один,хорошо,Генеральная,нет,статьи,после,а также,это,ряд,национальный,новый,Начало,очередной раз,в соответствии с,общество,борис,большой,фильмы,их,национальный,иметь,сын,Соединенные Штаты,команда,нет,коммуны,маленький,делать,имел,провинция,Музыка,область, край,является,клуб,эпизод,жители,твой,меньше,следовательно,Население,тур,театр,биография,связанные с,СТАНОВИТСЯ,Имя,Музей,английский,из,улица,метры,а также,проконсультировался,король,четыре,центр,все,Республика,из,форма,правительство,лицо,место расположения,цена,немного,папа,Джон,гнездо,исторический,второй,в течение,версия,найти,назначен,редакции,является,в,статья,культура,система,совет,до того как,услуга,пять,первый,объем,производство,будет,художник,месяц,база,является,период,второй,ж,возле,женщины,карьера,футбол,сцена,отрубили,к,Американец,Библиография,часть,тогда,поздно,другие,км,расположена,тем не мение,Марокко,все,дней,так много,отдых,замок,что,расположена,Чарльз,Léglise,отделение,Langleterre,министр,Другие,машина,многочисленные,существование,1-й,читать,точка,человек,члены,Президент,держать пари,летать,год,последний,жилой дом,святой,тело,Международный,жанр,отправляться,должен,Глобальный,строительство,член,всегда,женщины,главный,матч,Ресурсы,отчет,каждый,среди,день,небольшой
من عند,ال,ال,و,على,الى,من,ال,ال,هو,أ,في,عبر,أ,ال,في,ل,من الذى,بالتأكيد,أ,مع,ماذا او ما,له,منفذ,أنا أعرف,أكثر,نكون,أو,هو - هي,ل,الى,هذا,مثل,له,الصيف,هذه,ليس,باريس,ادخل,منهم,أكثر,فرنسا,ولد,بعد,كميت,مصنوع,أيضا,المراجع,الكثبان الرملية,لديك,تحت,ملك من,ملاحظات,ثم,له,الفرنسية,حيث,حرب,هم,مدينة,وبالتالي,حتى في,أو,أول,أول,هؤلاء,أعوام,أيضا,ومن بعد,مئة عام,روابط,ضد,سنوات,الكنية,ومن بعد,كنت,خارجي,جزء,فيلم,ص,العالمية,كنت,شرف,يرى,مشترك,قائمة,مايو,شهر نوفمبر,سياسة,أبريل,المريخ,كانون الثاني,يوليو,ديسمبر,الموسم,يونيو,ثلاثة,أنه,ديزني,نهاية,مجموعة,أن تكون,الكل,جدا,بلد,قبل,سبتمبر,أغسطس,الفرنسية,جنوب,كبير,أنهم,اكتوبر,م,عديدة,مكان,التاريخ,الكل,من اتجاه,لقب,الأسرة,في ذمة الله تعالى,موقع,شهر فبراير,سينما,يمكن,آخر,مرة,الجديد,مولهاوس,شمال,خلال,بيير,الحياة,بدون,الطبقات,جينز,اذهب,زمن,خط,المرجعي,خاصة,لا هذا ولا ذاك,حسن,جنرال لواء,لا,مقالات,بعد,و,هذا,مسلسل,وطني,الجديد,بداية,تكرارا,بحسب,جمعية,بوريس,رائعة,أفلام,هم,وطني,يمتلك,ابن,الولايات المتحدة,فريق,ليس,الكوميونات,القليل,صنع,كان,المحافظة,موسيقى,منطقة,هو,النادي,الحلقة,السكان,خاصة بك,أقل,لذا,تعداد السكان,جولة,مسرح,سيرة شخصية,ذات صلة,يصبح,اسم,متحف,الإنجليزية,من عند,شارع,أمتار,و,استشار,ملك,أربعة,مركز,الكل,جمهورية,من عند,شكل,حكومة,وجه,موقعك,سعر,قليلة,بابا,يوحنا,عش,تاريخي,الثانية,أثناء,إصدار,تجد,عين,طبعات,هو,في,مقالة - سلعة,حضاره,النظام,مجلس,حتى,الخدمات,خمسة,أول,المجلد,إنتاج,سوف يكون,دهان,شهر,يتمركز,هو,فترة,ثانيا,F,قرب,امرأة,حياة مهنية,كرة القدم,مشهد,انقطع,ل,أمريكي,فهرس,جزء,ومن بعد,متأخر,الآخرين,كم,تقع,ومع ذلك,المملكة المغربية,الكل,أيام,بكثير,راحة,قلعة,الذي - التي,تقع,تشارلز,léglise,قسم,لانجليتير,وزير,آخر,جمل,عديد,يجري,الأول,اقرأ,هدف,رجل,أفراد,رئيس,رهان,يطير,عام,الأحدث,منزل,قديس,الجسم,دولي,النوع,انطلقت,يجب,عالمي,اعمال بناء,عضو,دائما,امرأة,رئيس,تطابق,مصادر,أبلغ عن,كل,ضمن,يوم,ضغير
από,ο,ο,και,επί,στο,του,ο,του,είναι,ένα,σε,διά μέσου,ένα,ο,στο,Για,οι οποίοι,σίγουρος,ένα,με,τι,του,πύλη,Ξέρω,περισσότερο,είναι,ή,το,προς την,στο,Αυτό,όπως και,του,καλοκαίρι,Αυτό,δεν,Παρίσι,Πέρασε Μέσα,από αυτούς,περισσότερο,Γαλλία,γεννημένος,μετά,γκριζόμαυρος,έκανε,πολύ,βιβλιογραφικές αναφορές,αμμόλοφος,έχω,υπό,του οποίου,σημειώσεις,Έτσι,του,γαλλική γλώσσα,Από,πόλεμος,δικα τους,πόλη,Έτσι,ακόμη και,ή,πρώτα,πρώτα,αυτά τα,χρόνια,επίσης,έπειτα,αιώνας,συνδέσεις,κατά,χρόνια,επίθετο,έπειτα,ήταν,εξωτερικός,μέρος,ταινία,Γ,κόσμος,ήταν,τιμή,βλέπω,κοινός,λίστα,Ενδέχεται,Νοέμβριος,Πολιτική,Απρίλιος,Μάρτιος,Ιανουάριος,Ιούλιος,Δεκέμβριος,εποχή,Ιούνιος,τρία,ότι αυτός,disney,τέλος,ομάδα,να είναι,όλα,πολύ,Χώρα,πριν,Σεπτέμβριος,Αύγουστος,γαλλική γλώσσα,Νότος,ψηλός,αυτοί,Οκτώβριος,Μ,Πολλά,θέση,ιστορία,όλα,προς,τίτλος,οικογένεια,νεκρός,ιστοσελίδα,Φεβρουάριος,κινηματογράφος,μπορώ,άλλα,χρόνος,νέος,μουλάρι,Βόρειος,ενώ,Πιέρ,ΖΩΗ,χωρίς,Μαθήματα,τζιν παντελονι,πηγαίνω,χρόνος,γραμμή,αναφορά,ειδικά,κανενα απο τα δυο,Καλός,γενικός,όχι,άρθρα,μετά,και,Αυτό,σειρά,εθνικός,νέος,αρχή,πάλι,σύμφωνα με,κοινωνία,μπορις,μεγάλος,ταινίες,δικα τους,εθνικός,να έχω,υιός,Ηνωμένες Πολιτείες,ομάδα,δεν,κοινότητες,λίγο,φτιαχνω, κανω,είχε,επαρχία,ΜΟΥΣΙΚΗ,περιοχή,είναι,Λέσχη,επεισόδιο,κάτοικοι,δικος σου,πιο λιγο,ως εκ τούτου,πληθυσμός,περιοδεία,θέατρο,βιογραφία,σχετιζομαι με,ΓΙΝΕΙ,Ονομα,Μουσείο,Αγγλικά,από,δρόμος,μέτρα,και,συμβουλεύτηκε,Βασιλιάς,τέσσερα,κέντρο,όλα,Δημοκρατία,από,μορφή,κυβέρνηση,πρόσωπο,τοποθεσία,τιμή,λίγα,Μπαμπάς,Γιάννης,φωλιά,ιστορικός,δεύτερος,στη διάρκεια,εκδοχή,εύρημα,καθορισμένος,εκδόσεις,είναι,σε,άρθρο,Πολιτισμός,Σύστημα,συμβουλή,μέχρι,υπηρεσία,πέντε,πρώτα,τομ,παραγωγή,θα είναι,ζωγράφος,μήνας,βάση,είναι,περίοδος,δεύτερος,φά,κοντά,γυναίκες,καριέρα,ποδόσφαιρο,σκηνή,κομμένο,προς την,Αμερικανός,βιβλιογραφία,μέρος,έπειτα,αργά,οι υπολοιποι,χιλιόμετρα,βρίσκεται,ωστόσο,Μαρόκο,όλα,μέρες,τόσο πολύ,υπόλοιπο,κάστρο,ότι,βρίσκεται,Κάρολος,λάλεζ,τμήμα,langleterre,υπουργός,άλλα,αυτοκίνητο,πολυάριθμος,να εισαι,1ος,ανάγνωση,σημείο,άνδρας,μέλη,Πρόεδρος,στοίχημα,πετώ,έτος,αργότερο,σπίτι,άγιος,σώμα,Διεθνές,είδος,συμψηφίσει,πρέπει,παγκόσμια,κατασκευή,μέλος,πάντα,γυναίκες,αρχηγός,αγώνας,πόροι,κανω ΑΝΑΦΟΡΑ,καθε,αναμεταξύ,ημέρα,μικρό
itibaren,,,ve,açık,-de,nın-nin,,nın-nin,dır-dir,a,içinde,vasıtasıyla,a,,-de,için,DSÖ,Elbette,a,ile,ne,onun,portal,biliyorum,Daha,vardır,veya,o,-e,-e,bu,gibi,onun,yaz,bu,değil,Paris,İçeri gel,onlardan,Daha,Fransa,doğmuş,sonra,dun,yapılmış,çok,Referanslar,kumdan tepe,Sahip olmak,altında,kimin,notlar,yani,onun,Fransızca,dan beri,savaş,onların,Kent,yani,hatta,veya,ilk,ilk,bunlar,yıl,Ayrıca,sonra,yüzyıl,bağlantıları,karşısında,yıl,Soyadı,sonra,oldu,dış,Bölüm,film,Y,dünya,oldu,Onur,görmek,Yaygın,listeleme,Mayıs,Kasım,Siyaset,Nisan,Mart,Ocak,Temmuz,Aralık,mevsim,Haziran,üç,ki o,Disney,son,grup,olmak,herşey,çok,ülke,önce,Eylül,Ağustos,Fransızca,Güney,uzun boylu,onlar,Ekim,m,birçok,yer,Tarih,herşey,-e doğru,Başlık,aile,ölü,site,Şubat,sinema,Yapabilmek,diğer,zaman,yeni,Mulhouse,Kuzeyinde,süre,Pierre,hayat,olmadan,Sınıflar,kot,Git,zaman,hat,referans,özellikle,hiçbiri,iyi,genel,Hayır,nesne,sonra,ve,bu,dizi,Ulusal,yeni,Başlat,tekrar,göre,toplum,Boris,harika,filmler,onların,Ulusal,sahip olmak,oğul,Amerika Birleşik Devletleri,takım,değil,komünler,küçük,Yapmak,vardı,bölge,müzik,bölge,dır-dir,kulüp,bölüm,sakinler,seninki,Daha az,bu nedenle,nüfus,tur,tiyatro,biyografi,ilişkili,OLUR,İsim Soyisim,Müze,ingilizce,itibaren,sokak,metre,ve,danışıldı,Kral,dört,merkez,herşey,Cumhuriyet,itibaren,form,hükümet,yüz,yer,fiyat,birkaç,baba,John,yuva,tarihi,ikinci,sırasında,versiyon,bulmak,görevlendirilmiş,sürümler,dır-dir,içinde,makale,kültür,sistemi,tavsiye,a kadar,hizmet,beş,ilk,cilt,üretim,olacak,ressam,ay,temel,dır-dir,dönem,ikinci,f,yakın,KADIN,kariyer,Futbol,faliyet alani, sahne,kesilmiş,-e,Amerikan,kaynakça,Bölüm,sonra,geç,diğerleri,km,bulunan,ancak,Fas,herşey,günler,bu kadar,dinlenme,kale,o,bulunan,Charles,léglise,Bölüm,Langleterre,bakan,diğer,araba,sayısız,olmak,1 inci,okumak,nokta,adam,üyeler,Devlet Başkanı,bahis,uçmak,yıl,En son,ev,aziz,vücut,Uluslararası,Tür,ateşlemek,zorunlu,küresel,inşaat,üye,her zaman,KADIN,şef,eşleşme,kaynaklar,bildiri,her biri,arasında,gün,küçük
from,the,the,and,on,at,of,the,of,is,a,in,through,a,the,at,for,who,sure,a,with,what,his,portal,I know,more,are,or,it,to,to the,this,as,his,summer,this,not,Paris,Come in,of them,more,france,born,after,dun,made,too,references,dune,have,under,whose,notes,so,his,French,since,war,their,city,so,even,or,first,first,these,years,also,then,century,connections,against,years,last name,then,was,external,part,film,Y,world,was,honor,see,common,listing,May,November,Politics,April,March,January,July,December,season,June,three,that he,disney,end,group,to be,all,very,country,before,September,August,french,South,tall,they,October,m,many,place,history,all,towards,title,family,dead,site,February,cinema,can,other,time,new,mulhouse,North,while,Pierre,life,without,Classes,jeans,go,time,line,reference,especially,neither,good,general,no,articles,after,and,this,series,national,new,start,again,according to,society,boris,great,films,their,national,to have,son,United States,team,not,communes,little,make,had,province,music,region,is,club,episode,inhabitants,yours,less,therefore,population,tour,theater,biography,related,bECOMES,Name,Museum,English,from,street,meters,and,consulted,King,four,centre,all,Republic,from,form,government,face,location,price,a few,dad,john,nest,historical,second,during,version,find,appointed,editions,is,in,article,culture,system,advice,until,service,five,first,vol,production,will be,painter,month,base,is,period,second,f,near,women,career,football,scene,chopped off,to,American,bibliography,part,then,late,others,km,located,however,Morocco,all,days,so much,rest,castle,that,located,charles,léglise,department,langleterre,minister,other,car,numerous,being,1st,read,point,man,members,President,bet,fly,year,latest,House,saint,body,international,genre,set off,must,global,construction,member,always,women,chief,match,resources,report,each,among,day,small
