de,es,it,he,ar,fr,el,tr,en
im,und,auf,von,des Jahres,durch,Jahr,von,aber,zu,nicht,war,Was,zum,von,seine,wie,ist er,zum,zu,ebenfalls,Über,nach dem,m,oder,Zeit,Es war,aber,beim,im,war,r,Anmerkungen,im,wurden,das gleiche,Das,das,Jahr,Links,unter,n,Englisch,№,von,Russland,Städte,Jahre,Sie,Wo,t,was die,Mehr,ihr,mit,ist ein,dann,So,Bereiche,Sie sind,wurde,Tom,Mensch,aber,Sie ist,Geschichte,welche,Struktur,die UdSSR,ein Ort,ich,nur,Jahrhundert,Gehen,wann,isbn,durch,zwischen,Juni,Dezember,Jahre,diese,Literatur,Über,Juli,alles,von diesem,so dass,km,USA,und,Kriege,Teil,die Jahre,noch,August,Teile,Januar,Gruppe,Mai,Gebiet,September,Population,cm,P.,Über,zusammen,welche,vs.,bereits,Martha,zwei,Straße,einer,unter,Kreis,die Welt,es gibt,Oktober,die Zusammensetzung,wo,November,dann,Februar,Population,Sie,etwas,zuerst,empfangen,Andere,seine,Stadt,welche,seine,April,Webseite,diese,können,Biografie,welche,von allen,der Präsident,Themen,die Stadt,gelegen,Flüsse,zweite,Sie,Russisch,Name,l,ist,Geschichten,Es hat,Beteiligung,Dort,Dorf,durch,Gesamt,Alexander,Kreis,Qualität,ich,Zeit,seine,Länder,Million,Über,diese,d,zwei,Datum,yy,seine,Zeit,Zeitraum,wem,Der Erste,Leben,Sein,Armeen,Andere,mich selber,drei,ein,Anzahl von,das Ende,im,ihm,Chodorkowski,eh,gemäß,Verbindungen,Union,Beschwerde,höchst,wurde geboren,Gruppe,Jahre,hat funktioniert,nur,Name,Ihre,Premierminister,ohne,von,Mensch,Republiken,Außerdem,aufführen,Album,Rat,Universität,der Anfang,Film,Spezies,wurde,Frankreich,Gattung,können,Weg,f,wenn ein,Hai,Menge,z.B,ihr,Arbeit,alleine,ist,tritt ein,als,Bewohner,n,Anzeigestil,Mitglied,Unternehmen,Wissenschaft,einer,fast,Verbände,Kreis,zum ersten Mal,nephr,Haus,sind,der Tag,werden,Nikolaus,sogar,Daten,etwas,Webseite,p,meist,Party,Akademien,Andrew,Hier,Center,Dorf,welche,dann,Chodorkowski,p,Serie,Befehle,viele,die meisten,Name,Meisterschaft,kann,Spiel,c,diese,ed,SPb,in der Regel,Album,Sergey,vorhin,Ukraine,einer,von diesen,Moskau,Kirche,Meter,Auftrag,häufig,zwei,von Leuten,Vor,das Museum,das Ergebnis,Start,fließen,Volkszählung,Rolle,Wahlkreise,Siedlungen
en,y,en,de,del año,por,año,de,pero,a,no,estaba,qué,por,de,su,como,es él,por,a,además,acerca de,después,metro,o,hora,Era,pero,a,en,estaba,r,notas,en,fueron,lo mismo,esto es,la,año,Enlaces,debajo,norte,inglés,№,de,Rusia,ciudades,años,ellos,Dónde,t,que la,más,su,con,es un,luego,Entonces,areas,ellos son,convirtió,Tomás,humano,pero,ella es,historia,cual,estructura,la URSS,un lugar,I,solo,siglo,Para llevar,Cuándo,isbn,mediante,Entre,junio,diciembre,años,esto,literatura,acerca de,mes de julio,todo,de esta,así que eso,km,EE.UU,y,guerras,parte,los años,aún,agosto,partes,enero,grupo,Mayo,territorio,septiembre,población,cm,PAG,encima,juntos,cual,vs,ya,Martha,dos,calle,uno,entre,distrito,el mundo,hay,octubre,la composición,dónde,noviembre,luego,febrero,población,ellos,algunos,primero,recibió,otros,su,ciudad,cual,su,abril,sitio web,esto,lata,biografía,cual,de todo,el presidente,temas,la ciudad,situado,ríos,segundo,ellos,ruso,nombre,l,es,cuentos,Tiene,participación,allí,pueblo,debido a,Total,Alejandro,distrito,calidad,I,hora,su,países,millón,acerca de,esto,D,dos,fecha,aa,su,hora,período,quién,el primero,la vida,ser,ejércitos,otros,yo mismo,Tres,a,número de,el fin,en,él,Khodorkovsky,eh,de acuerdo a,conexiones,Unión,apelación,altamente,nació,Grupo,años,trabajó,solo,nombre,tu,Primer ministro,sin,de,humano,repúblicas,además,lista,álbum,Consejo,Universidad,el principio,película,especies,convirtió,Francia,género,lata,camino,F,si un,tiburón,cantidad,p.ej,su,trabaja,por mi mismo,es,entra,que,residentes,norte,estilo de pantalla,miembro,empresa,Ciencias,uno,por poco,federaciones,distrito,por primera vez,nephr,casa,están,día,volverse,Nicolás,incluso,datos,algunos,sitio web,pag,principalmente,fiesta,academias,Andrés,aquí,Centrar,pueblo,cual,luego,Khodorkovsky,pag,serie,comandos,muchos,la mayoría,nombre,campeonato,mayo,partido,C,estas,ed,SPb,por lo general,álbum,Sergey,más temprano,Ucrania,uno,de estos,Moscú,Iglesia,metros,pedido,a menudo,dos,de la gente,antes de,el Museo,el resultado,comienzo,flujo,censo,papel,distritos electorales,asentamientos
nel,e,sopra,a partire dal,dell&#39;anno,di,anno,di,ma,per,non,era,che cosa,per,a partire dal,il suo,come,è lui,per,per,anche,di,dopo,m,o,tempo,Era,ma,a,nel,era,r,Appunti,nel,erano,lo stesso,questo è,il,anno,collegamenti,sotto,n,inglese,№,di,Russia,città,anni,loro,Dove,t,quale il,Di più,sua,con,è un,poi,Così,le zone,sono,divenne,Tom,umano,ma,lei è,storia,quale,struttura,l&#39;URSS,un posto,io,solo,secolo,Andare,quando,isbn,attraverso,fra,giugno,dicembre,anni,Questo,letteratura,di,luglio,qualunque cosa,di questo,così che,km,Stati Uniti d&#39;America,e,guerre,parte,gli anni,ancora,agosto,parti,gennaio,gruppo,Maggio,territorio,settembre,popolazione,cm,P,al di sopra di,insieme,quale,vs,già,Martha,Due,strada,uno,tra,quartiere,il mondo,c&#39;è,ottobre,la composizione,dove,novembre,poi,febbraio,popolazione,loro,alcuni,primo,ricevuto,altri,il suo,città,quale,il suo,aprile,sito web,Questo,può,biografia,quale,di tutti,il presidente,temi,la città,trova,fiumi,secondo,loro,russo,nome,l,è,storie,Esso ha,partecipazione,Là,villaggio,a causa di,Totale,Alessandro,quartiere,qualità,io,tempo,il suo,paesi,milioni,di,Questo,d,Due,Data,yy,il suo,tempo,periodo,chi,il primo,vita,essere,eserciti,altri,me stessa,tre,un,numero di,la fine,nel,lui,Khodorkovsky,eh,secondo,collegamenti,unione,appello,altamente,sono nato,Gruppo,anni,lavorato,solo,nome,il tuo,primo ministro,senza,a partire dal,umano,repubbliche,Oltretutto,elenco,album,consigli,Università,l&#39;inizio,film,specie,divenne,Francia,genere,può,modo,f,se un,squalo,quantità,per esempio,loro,lavoro,da solo,è,entra,di,residenti,n,stile di visualizzazione,membro,azienda,Scienza,uno,quasi,federazioni,quartiere,per la prima volta,nephr,Casa,siamo,giorno,diventare,Nicholas,anche,dati,alcuni,sito web,p,soprattutto,festa,accademie,Andrea,Qui,Centro,villaggio,quale,poi,Khodorkovsky,p,serie,comandi,molti,maggior parte,nome,campionato,Maggio,incontro,c,questi,ed,SPb,generalmente,album,Sergey,prima,Ucraina,uno,di questi,Mosca,Chiesa,metri,ordine,spesso,Due,delle persone,prima,il Museo,il risultato,inizio,flusso,censimento,ruolo,collegi elettorali,insediamenti
ב,ו,עַל,מ,של השנה,על ידי,שָׁנָה,שֶׁל,אבל,ל,לֹא,היה,מה,ל,מ,שֶׁלוֹ,כפי ש,האם הוא,ל,ל,גַם,על אודות,לאחר,M,אוֹ,זְמַן,זה היה,אבל,בְּ-,ב,היה,ר,הערות,ב,היו,אותו הדבר,זה,ה,שָׁנָה,קישורים,תַחַת,נ,אנגלית,№,שֶׁל,רוּסִיָה,ערים,שנים,אוֹתָם,איפה,t,ש ה,יותר,שֶׁלָה,עם,הוא,לאחר מכן,כך,אזורים,הם,הפכתי,טום,בן אנוש,אבל,היא,הִיסטוֹרִיָה,איזה,מִבְנֶה,ברית המועצות,מקום,אני,רק,מֵאָה,ללכת,מתי,isbn,דרך,בֵּין,יוני,דֵצֶמבֶּר,שנים,זֶה,סִפְרוּת,על אודות,יולי,הכל,של זה,אז זה,ק&quot;מ,ארה&quot;ב,ו,מלחמות,חֵלֶק,השנים,עדיין,אוגוסט,חלקים,יָנוּאָר,קְבוּצָה,מאי,שֶׁטַח,סֶפּטֶמבֶּר,אוּכְלוֹסִיָה,ס&quot;מ,פ,על,יַחַד,איזה,לעומת,כְּבָר,מרתה,שתיים,רְחוֹב,אחד,בין,מָחוֹז,העולם,יש,אוֹקְטוֹבֶּר,הקומפוזיציה,איפה,נוֹבֶמבֶּר,לאחר מכן,פברואר,אוּכְלוֹסִיָה,אוֹתָם,כמה,ראשון,קיבלו,אחרים,שֶׁלוֹ,עִיר,איזה,שֶׁלוֹ,אַפּרִיל,אתר אינטרנט,זֶה,פחית,ביוגרפיה,איזה,מכל,הנשיא,ערכות נושא,העיר,ממוקם,נהרות,שְׁנִיָה,אוֹתָם,רוּסִי,שֵׁם,l,הוא,סיפורים,יש לזה,הִשׁתַתְפוּת,שם,כְּפָר,עקב,סך הכל,אלכסנדר,מָחוֹז,איכות,אני,זְמַן,שֶׁלוֹ,מדינות,מִילִיוֹן,על אודות,זֶה,ד,שתיים,תַאֲרִיך,כן,שֶׁלוֹ,זְמַן,פרק זמן,מִי,הראשון,חַיִים,לִהיוֹת,צבאות,אחרים,עצמי,שְׁלוֹשָׁה,א,מספר של,הסוף,ב,אוֹתוֹ,חודורקובסקי,אה,לפי,חיבורים,הִתאַחֲדוּת,עִרעוּר,מְאוֹד,נולד,קְבוּצָה,שנים,עבד,רק,שֵׁם,שֶׁלְךָ,ראש ממשלה,לְלֹא,מ,בן אנוש,רפובליקות,חוץ מזה,רשימה,אַלבּוֹם,עֵצָה,אוּנִיבֶרְסִיטָה,ההתחלה,סרט צילום,מִין,הפכתי,צָרְפַת,סוּג,פחית,דֶרֶך,f,אם,כריש,כַּמוּת,לְמָשָׁל,שֶׁלָהֶם,עֲבוֹדָה,בעצמי,הוא,נכנס,מאשר,תושבים,נ,סגנון תצוגה,חבר,חֶברָה,מַדָע,אחד,כמעט,פדרציות,מָחוֹז,בפעם הראשונה,נפר,בַּיִת,הם,יְוֹם,הפכו,ניקולס,אֲפִילוּ,נתונים,כמה,אתר אינטרנט,עמ &#39;,בעיקר,מפלגה,אקדמיות,אנדרו,פה,מֶרְכָּז,כְּפָר,איזה,לאחר מכן,חודורקובסקי,עמ &#39;,סִדרָה,פקודות,רב,רוב,שֵׁם,אַלִיפוּת,מאי,התאמה,ג,אלה,עורך,SPb,בְּדֶרֶך כְּלַל,אַלבּוֹם,סרגיי,קודם לכן,אוקראינה,אחד,של אלה,מוסקבה,כְּנֵסִיָה,מטר,להזמין,לעתים קרובות,שתיים,של אנשים,לפני,המוזיאון,התוצאה,הַתחָלָה,זְרִימָה,מִפקָד,תַפְקִיד,מחוזות בחירה,הסדרים
في,و,على,من عند,من السنة,بواسطة,عام,من,لكن,ل,ليس,كنت,ماذا او ما,ل,من عند,له,مثل,هل هو,ل,ل,أيضا,حول,بعد,م,أو,زمن,كانت,لكن,في,في,كنت,ص,ملاحظات,في,كانوا,نفس الشيء,هذا هو,ال,عام,الروابط,تحت,ن,الإنجليزية,№,من,روسيا,مدن,سنوات,معهم,أين,ر,التي,أكثر,ها,مع,هو,ومن بعد,وبالتالي,المناطق,هم انهم,أصبح,توم,بشري,لكن,هي تكون,التاريخ,الذي,بنية,الاتحاد السوفياتي,مكان,أنا,فقط,مئة عام,توجو,متي,isbn,عبر,ما بين,يونيو,ديسمبر,سنوات,هذا,المؤلفات,حول,تموز,كل شىء,من هذا,لهذا السبب,كم,الولايات المتحدة الأمريكية,و,الحروب,جزء,السنوات,حتى الآن,أغسطس,القطع,كانون الثاني,مجموعة,مايو,منطقة,شهر سبتمبر,تعداد السكان,سم,ص,على,سويا,الذي,ضد,سابقا,مارثا,اثنين,شارع,واحد,ضمن,منطقة,العالم,هناك,اكتوبر,التكوين,أين,شهر نوفمبر,ومن بعد,شهر فبراير,تعداد السكان,معهم,بعض,أول,تم الاستلام,الآخرين,له,مدينة,الذي,له,أبريل,موقع الكتروني,هذا,تستطيع,سيرة شخصية,الذي,للجميع,الرئيس,الموضوعات,المدينة,تقع,الأنهار,ثانيا,معهم,الروسية,اسم,ل,هو,قصص,لديها,مشاركة,هناك,قرية,اجبة إلى,مجموع,الكسندر,منطقة,جودة,أنا,زمن,له,الدول,مليون,حول,هذا,د,اثنين,تاريخ,س ص,له,زمن,فترة,من,الأول,الحياة,يكون,الجيوش,الآخرين,نفسي,ثلاثة,أ,رقم ال,النهاية,في,له,خودوركوفسكي,إيه,بالنسبة الى,روابط,اتحاد,مناشدة,للغاية,ولد,مجموعة,سنوات,عمل,فقط,اسم,لك,رئيس الوزراء,بدون,من عند,بشري,الجمهوريات,بجانب,قائمة,الألبوم,النصيحة,جامعة,البداية,فيلم,محيط,أصبح,فرنسا,جنس,تستطيع,طريق,F,اذا كان,قرش,كمية,على سبيل المثال,هم,الشغل,بنفسي,هو,يدخل,من,سكان,ن,عرض,عضو,شركة,علم,واحد,تقريبا,الاتحادات,منطقة,لأول مرة,نفر,منزل,نكون,يوم,أصبح,نيكولاس,حتى في,البيانات,بعض,موقع الكتروني,ص,خاصة,حفل,الأكاديميات,أندرو,هنا,مركز,قرية,الذي,ومن بعد,خودوركوفسكي,ص,مسلسل,أوامر,عديدة,عظم,اسم,بطولة,مايو,تطابق,ج,هؤلاء,إد,SPb,مستخدم,الألبوم,سيرجي,سابقا,اوكرانيا,واحد,من هؤلاء,موسكو,كنيسة,أمتار,ترتيب,غالبا,اثنين,من الناس. من العامة,قبل,المتحف,النتيجة,بداية,تدفق,التعداد,وظيفة,مؤسسات الدولة,المستوطنات
dans,et,au,de,de l&#39;année,par,an,de,mais,à,ne pas,a été,quelle,pour,de,le sien,comme,est-il,pour,à,également,à propos de,après,m,ou alors,temps,C&#39;était,mais,à,dans,a été,r,Remarques,dans,ont été,le même,c&#39;est,les,an,liens,en dessous de,n,Anglais,№,de,Russie,villes,années,eux,Où,t,lequel à,Suite,sa,avec,est un,ensuite,Donc,zones,elles sont,est devenu,À M,Humain,mais,elle est,l&#39;histoire,lequel,structure,l&#39;URSS,un endroit,je,seul,siècle,Aller,lorsque,isbn,à travers,entre,juin,décembre,années,cette,Littérature,à propos de,juillet,tout,de cela,de sorte que,km,Etats-Unis,et,guerres,partie,les années,encore,août,les pièces,janvier,grouper,Mai,territoire,septembre,population,cm,P,plus de,ensemble,lequel,vs,déjà,Martha,deux,rue,une,parmi,quartier,le monde,il y a,octobre,la composition,où,novembre,ensuite,février,population,eux,quelque,premier,reçu,autres,le sien,ville,lequel,le sien,avril,site Internet,cette,pouvez,Biographie,lequel,de tout,Le président,thèmes,la ville,situé,rivières,deuxième,eux,russe,Nom,l,est,histoires,Il a,participation,là,village,à cause de,Le total,Alexandre,quartier,qualité,je,temps,le sien,des pays,million,à propos de,cette,ré,deux,Date,yy,le sien,temps,période,qui,la première,vie,être,les armées,autres,moi même,Trois,une,nombre de,la fin,dans,lui,Khodorkovsky,hein,selon,Connexions,syndicat,faire appel,très,est né,Grouper,années,travaillé,seul,Nom,votre,premier ministre,sans pour autant,de,Humain,républiques,outre,liste,album,conseils,Université,le début,film,espèce,est devenu,France,genre,pouvez,chemin,F,si un,requin,quantité,par exemple,leur,travail,tout seul,est,entre dans,que,résidents,n,style d&#39;affichage,membre,entreprise,La science,une,presque,fédérations,quartier,pour la première fois,nephr,loger,sont,journée,devenir,Nicolas,même,Les données,quelque,site Internet,p,la plupart,fête,académies,Andrew,ici,Centre,village,lequel,ensuite,Khodorkovsky,p,séries,commandes,beaucoup,les plus,Nom,championnat,mai,correspondre,c,celles-ci,ed,SPb,d&#39;habitude,album,Sergey,plus tôt,Ukraine,une,de ces,Moscou,église,mètres,ordre,souvent,deux,de personnes,avant que,le musée,le résultat,démarrer,couler,recensement,rôle,circonscriptions,colonies
σε,και,επί,από,της χρονιάς,με,έτος,του,αλλά,προς την,δεν,ήταν,τι,Για,από,του,όπως και,είναι αυτός,Για,προς την,επίσης,σχετικά με,μετά,Μ,ή,χρόνος,Ήταν,αλλά,στο,σε,ήταν,ρ,σημειώσεις,σε,ήταν,το ίδιο,αυτό είναι,ο,έτος,συνδέσεις,υπό,ν,Αγγλικά,№,του,Ρωσία,πόλεις,χρόνια,τους,Οπου,τ,το οποίο,περισσότερο,αυτήν,με,είναι ένα,έπειτα,Έτσι,περιοχές,αυτοί είναι,έγινε,Κάποιος,ο άνθρωπος,αλλά,αυτή είναι,ιστορία,οι οποίες,δομή,την ΕΣΣΔ,ένα μέρος,Εγώ,μόνο,αιώνας,Να πάω,πότε,isbn,διά μέσου,μεταξύ,Ιούνιος,Δεκέμβριος,χρόνια,Αυτό,βιβλιογραφία,σχετικά με,Ιούλιος,τα παντα,από αυτό,έτσι ώστε,χιλιόμετρα,ΗΠΑ,και,του πολέμου,μέρος,τα χρόνια,Ακόμη,Αύγουστος,ανταλλακτικά,Ιανουάριος,ομάδα,Ενδέχεται,έδαφος,Σεπτέμβριος,πληθυσμός,εκ,Π,πάνω από,μαζί,οι οποίες,εναντίον,ήδη,Μάρθα,δύο,Δρόμος,ένας,αναμεταξύ,περιοχή,ο κόσμος,υπάρχει,Οκτώβριος,η σύνθεση,όπου,Νοέμβριος,έπειτα,Φεβρουάριος,πληθυσμός,τους,μερικοί,πρώτα,έλαβε,οι υπολοιποι,του,πόλη,οι οποίες,του,Απρίλιος,δικτυακός τόπος,Αυτό,μπορώ,βιογραφία,οι οποίες,από όλους,Ο Πρόεδρος,θέματα,η πόλη,βρίσκεται,ποτάμια,δεύτερος,τους,Ρωσική,όνομα,μεγάλο,είναι,ιστορίες,Εχει,συμμετοχή,εκεί,χωριό,εξαιτίας,Σύνολο,Αλέξανδρος,περιοχή,ποιότητα,Εγώ,χρόνος,του,χώρες,εκατομμύριο,σχετικά με,Αυτό,ρε,δύο,ημερομηνία,εε,του,χρόνος,περίοδος,ποιόν,ο πρώτος,ΖΩΗ,είναι,στρατοί,οι υπολοιποι,εγώ ο ίδιος,τρία,ένα,αριθμός,το τέλος,σε,αυτόν,Χοντορκόφσκι,ε,σύμφωνα με,συνδέσεις,ένωση,έφεση,υψηλά,γεννήθηκε,Ομάδα,χρόνια,δούλεψε,μόνο,όνομα,τα δικα σου,πρωθυπουργός,χωρίς,από,ο άνθρωπος,δημοκρατίες,εκτός,λίστα,άλμπουμ,συμβουλή,πανεπιστήμιο,η αρχη,ταινία,είδος,έγινε,Γαλλία,γένος,μπορώ,τρόπος,φά,αν ένα,καρχαρίας,ποσότητα,π.χ,δικα τους,εργασία,μόνος μου,είναι,μπαίνει,από,οι κατοικοι,ν,στυλ εμφάνισης,μέλος,Εταιρία,Επιστήμη,ένας,σχεδόν,ομοσπονδίες,περιοχή,για πρώτη φορά,νεφρ,σπίτι,είναι,ημέρα,γίνομαι,Νικόλαος,ακόμη και,δεδομένα,μερικοί,δικτυακός τόπος,Π,ως επί το πλείστον,κόμμα,ακαδημίες,Ανδρέας,εδώ,Κέντρο,χωριό,οι οποίες,έπειτα,Χοντορκόφσκι,Π,σειρά,εντολές,Πολλά,πλέον,όνομα,πρωτάθλημα,ενδέχεται,αγώνας,ντο,αυτά τα,εκδ,SPb,συνήθως,άλμπουμ,Σεργκέι,νωρίτερα,Ουκρανία,ένας,από αυτά,Μόσχα,Εκκλησία,μέτρα,Σειρά,συχνά,δύο,των ανθρώπων,πριν,το μουσείο,το αποτέλεσμα,αρχή,ροή,απογραφή,ρόλος,εκλογικές περιφέρειες,οικισμοί
içinde,ve,açık,itibaren,Yılın,tarafından,yıl,nın-nin,fakat,-e,değil,oldu,ne,için,itibaren,onun,gibi,O mu,için,-e,Ayrıca,hakkında,sonra,m,veya,zaman,Öyleydi,fakat,-de,içinde,oldu,r,notlar,içinde,-di,aynısı,bu,,yıl,bağlantılar,altında,n,ingilizce,№,nın-nin,Rusya,şehirler,yıl,onları,Nerede,t,hangisi,Daha,ona,ile,bir,sonra,Yani,alanlar,onlar,oldu,Tom,insan,fakat,o,Tarih,hangi,yapı,SSCB,bir yer,ben,sadece,yüzyıl,Gitmek,ne zaman,isbn,vasıtasıyla,arasında,Haziran,Aralık,yıl,bu,Edebiyat,hakkında,Temmuz,herşey,bunun,Böylece,km,Amerika Birleşik Devletleri,ve,savaşlar,Bölüm,yıllar,hala,Ağustos,parçalar,Ocak,grup,Mayıs,bölge,Eylül,nüfus,santimetre,P,bitmiş,birlikte,hangi,vs,zaten,Martha,iki,sokak,bir,arasında,ilçe,Dünya,var,Ekim,kompozisyon,nerede,Kasım,sonra,Şubat,nüfus,onları,biraz,ilk,Alınan,diğerleri,onun,Kent,hangi,onun,Nisan,İnternet sitesi,bu,Yapabilmek,biyografi,hangi,hepsinden,Başkan,temalar,şehir,bulunan,nehirler,ikinci,onları,Rusça,isim,l,dır-dir,hikayeler,Var,katılım,Orada,köy,Nedeniyle,Toplam,İskender,ilçe,kalite,ben,zaman,onun,ülkeler,milyon,hakkında,bu,d,iki,tarih,yy,onun,zaman,dönem,kime,ilk,hayat,olmak,ordular,diğerleri,kendim,üç,a,sayısı,son,içinde,onu,Khodorkovsky,eh,göre,bağlantıları,Birlik,temyiz,büyük ölçüde,doğdu,Grup,yıl,çalıştı,sadece,isim,sizin,Başbakan,olmadan,itibaren,insan,cumhuriyetler,dışında,liste,albüm,tavsiye,Üniversite,başlangıç,film,Türler,oldu,Fransa,cins,Yapabilmek,yol,f,Eğer bir,Köpekbalığı,miktar,Örneğin,onların,iş,kendi başıma,dır-dir,girer,-den,sakinleri,n,ekran stili,üye,şirket,Bilim,bir,neredeyse,federasyonlar,ilçe,ilk kez,nefr,ev,vardır,gün,olmak,Nicholas,hatta,veri,biraz,İnternet sitesi,p,çoğunlukla,Parti,akademiler,Andrew,İşte,Merkez,köy,hangi,sonra,Khodorkovsky,p,dizi,komutlar,birçok,çoğu,isim,şampiyonluk,Mayıs,eşleşme,c,bunlar,ed,SPb,genelde,albüm,Sergey,daha erken,ukrayna,bir,bunların,Moskova,kilise,metre,sipariş,sıklıkla,iki,insanların,önce,müze,sonuç,Başlat,akış,sayım,rol,seçim bölgeleri,Yerleşmeler
in,and,on,from,of the year,by,year,of,but,to,not,was,what,for,from,his,as,is he,for,to,also,about,after,m,or,time,It was,but,at,in,was,r,notes,in,were,the same,this is,the,year,links,under,n,English,№,of,russia,cities,years,them,Where,t,which the,more,her,with,is an,then,So,areas,they are,became,Tom,human,but,she is,history,which,structure,the USSR,a place,i,only,century,Togo,when,isbn,through,between,june,December,years,this,literature,about,july,everything,of this,so that,km,USA,and,wars,part,the years,yet,August,parts,january,group,May,territory,september,population,cm,P,over,together,which,vs,already,Martha,two,Street,one,among,district,the world,there is,october,the composition,where,November,then,february,population,them,some,first,received,others,his,city,which,his,april,website,this,can,biography,which,of all,the president,themes,the city,located,rivers,second,them,Russian,name,l,is,stories,It has,participation,there,village,due to,Total,Alexander,district,quality,I,time,his,countries,million,about,this,d,two,date,yy,his,time,period,whom,the first,life,be,armies,others,myself,three,a,number of,the end,in,him,Khodorkovsky,eh,according to,connections,union,appeal,highly,was born,Group,years,worked,only,name,your,Prime Minister,without,from,human,republics,Besides,list,album,advice,university,the beginning,film,species,became,france,genus,can,way,f,if a,shark,quantity,eg,their,work,by myself,is,enters,than,residents,n,displaystyle,member,company,Science,one,nearly,federations,district,for the first time,nephr,house,are,day,become,Nicholas,even,data,some,website,p,mostly,party,academies,Andrew,here,Centre,village,which,then,Khodorkovsky,p,series,commands,many,most,name,championship,may,match,c,these,ed,SPb,usually,album,Sergey,earlier,ukraine,one,of these,Moscow,church,meters,order,often,two,of people,before,the museum,the result,start,flow,census,role,constituencies,settlements
