es,it,he,ru,ar,fr,el,tr,en
la,la,y,en,de,en el,la,desde,Con,la,es,la,como,a,Para,ha sido,en,a,a,tú mismo,es,un,a,soy,guerra,a,fuera,además,a,usted,hacia,uno,es,por,a,No,uno,volverse,sobre,están,a,uno,fueron,se convierte en,o,debajo,de,Al frente,que,cómo,isbn,su,su,desde,sólo,todavía,tendría,año,de,de,s,la,pero,ser,enlaces web,ciudad,como,Entre,dos,fueron,Posee,años,esto,estas,entonces,alemán,evidencia individual,primero,en contra,uno,a,de,hora,Tres,sin emabargo,en el,mas tarde,tiempo,hombre,historia,Berlina,años,más,acerca de,da,banda,literatura,agosto,Goethe,ya,metro,parte,La vida,de nuevo,él,su,tu,primero,septiembre,abril,su,junio,podría,octubre,Allí,final,comunidad local,alemán,hoy,enero,ordenar,I,cuatro,ed,con el fin de,marcha,Alemania,Munich,de ellos,mes de julio,con eso,lata,inglés,Mayo,alemán,diciembre,Más,él,tener,compañia de publicidad,siglo,ambas cosas,noviembre,llegó,usted,y,dio,johann,sin,próximo,otro,todas,Dónde,mentiras,leer,febrero,da,Iglesia,nuevo,cuyo,segundo,hermosa,igualmente,esto,primero,aquí,miembro,convertirse en,lata,luego,primera vez,muy,No,primero,tu,espalda,estaba,Universidad,todo,B,su,recibió,pararse,nuevo,su,familia,S t,v,juntos,debería,su,esto,Wilhelm,cerrar con llave,enorme,en vez de,después de este,conocido,tenido,lugar,lugar,nombres,esto,siempre,la,porque,Miguel,uno mismo,estación,Viena,En efecto,o,nuevo,se encuentra,bastante,Talla,empezado,yl,siglo,En s,otro,equipo,Si,guerra,jugador,tomó,relé,episodio,a,Arte,georg,dirigió,Friedrich,se fue,cinco,debido a,es más,listado,más,Otros,último,academia,ganado,llamada,Frankfurt,algunos,jugado,lotes,serie,ser,esos,estilo de pantalla,encontró,Comenzando,varios,hijo,goethes,atari,francés,karl,Cual,esto,consulte,Leipzig,edición,sociedad,su,título,en el cual,permaneció,cada,pertenecía a,millones,más,casanova,camino,recuperado,obras,tuve que,Hanovre,franco,Francia,Paul,corto,debería,distrito,Austria,varel,Rusia,ahora,página,después,No,Área,km,tropas,Nuevo,juegos,un total de,Heinrich
il,il,e,nel,di,nel,il,delle,Con,il,è,il,come,per,Per,è stato,sopra,un,un,te stesso,è,un,per,sono,guerra,a,su,anche,per,voi,al,uno,è,di,per,Non,uno,diventare,sopra,siamo,un,uno,erano,diventa,o,sotto,a partire dal,davanti,quella,Come,isbn,il suo,il suo,da,appena,ancora,avrebbe,anno,di,a partire dal,S,il,ma,essere,link internet,città,come,fra,Due,erano,Ha,anni,Questo,questi,così,Tedesco,prove individuali,primo,contro,uno,un,a partire dal,tempo,tre,tuttavia,al,dopo,mentre,uomo,storia,Berlino,anni,Di più,di,dà,gruppo musicale,letteratura,agosto,Goethe,già,m,parte,Vita,ancora,lui,il suo,il tuo,primo,settembre,aprile,il suo,giugno,poteva,ottobre,Là,fine,comunità locale,Tedesco,oggi,gennaio,ordinare,io,quattro,ed,in modo da,marzo,Germania,Monaco,del loro,luglio,con esso,può,inglese,Maggio,Tedesco,dicembre,Ulteriore,lui,avere,casa editrice,secolo,tutti e due,novembre,è venuto,voi,e,ha dato,johann,senza,Il prossimo,altro,tutti,Dove,bugie,leggere,febbraio,dà,Chiesa,nuovo,di chi,secondo,bellissimo,allo stesso modo,Questo,primo,Qui,membro,trasformarsi in,può,poi,prima volta,molto,no,primo,u,indietro,era,Università,qualunque cosa,b,loro,ricevuto,In piedi,nuovo,loro,famiglia,st,v,insieme,dovrebbero,il suo,Questo,Wilhelm,serratura,enorme,invece di,dopodichè,conosciuto,aveva,posto,posto,nomi,Questo,sempre,il,per colpa di,Michael,se stesso,stagione,Vienna,Infatti,o,nuovo,si trova,piuttosto,dimensione,iniziato,yl,secolo,ins,altro,squadra,Se,guerra,giocatore,ha preso,relè,episodio,per,arte,georg,guidato,friedrich,andato,cinque,a causa di,inoltre,listato,ulteriore,Altri,scorso,accademia,ha vinto,chiamato,Francoforte,alcuni,giocato,molte,serie,essere,quelli,stile di visualizzazione,trovato,Inizio,parecchi,figlio,goethes,atari,francese,karl,Quale,Questo,per favore, riferisci,Lipsia,edizione,società,il suo,titolo,in quale,rimasto,ogni,apparteneva a,milioni,ulteriore,casanova,strada,recuperato,lavori,dovuto,Hannover,Franco,Francia,Paolo,corto,dovrebbero,quartiere,Austria,varel,Russia,adesso,pagina,dopo di che,no,La zona,km,truppe,Nuovo,Giochi,un totale di,Heinrich
ה,ה,ו,ב,שֶׁל,בתוך ה,ה,שֶׁל,עם,ה,הוא,ה,כפי ש,ל,ל,היה,עַל,א,א,עַצמְךָ,הוא,an,ל,אני,מִלחָמָה,בְּ-,הַחוּצָה,גַם,ל,אתה,אל ה,אחד,זה,על ידי,ל,לֹא,אחד,הפכו,מֵעַל,הם,א,אחד,היו,הופך להיות,אוֹ,תַחַת,מ,מלפנים,זֶה,אֵיך,isbn,שֶׁלוֹ,שֶׁלוֹ,מאז,רַק,עוֹד,היה,שָׁנָה,שֶׁל,מ,ס,ה,אבל,לִהיוֹת,קישורי אינטרנט,עִיר,כפי ש,בֵּין,שתיים,היו,יש ל,שנים,זֶה,אלה,כך,גֶרמָנִיָת,ראיות אינדיבידואליות,ראשון,נגד,אחד,א,מ,זְמַן,שְׁלוֹשָׁה,למרות זאת,ב,יותר מאוחר,בזמן,איש,הִיסטוֹרִיָה,ברלין,שנים,יותר,על אודות,נותן,לְהִתְאַגֵד,סִפְרוּת,אוגוסט,גתה,כְּבָר,M,חֵלֶק,חַיִים,שוב,אוֹתוֹ,שֶׁלוֹ,שֶׁלְךָ,ראשון,סֶפּטֶמבֶּר,אַפּרִיל,שֶׁלוֹ,יוני,הָיָה יָכוֹל,אוֹקְטוֹבֶּר,שם,סוֹף,קהילה מקומית,גֶרמָנִיָת,היום,יָנוּאָר,סוג,אני,ארבע,עורך,כדי,מרץ,גֶרמָנִיָה,מינכן,משלהם,יולי,עם זה,פחית,אנגלית,מאי,גֶרמָנִיָת,דֵצֶמבֶּר,נוסף,אוֹתוֹ,יש,חברת הוצאה לאור,מֵאָה,שניהם,נוֹבֶמבֶּר,הגיע,אתה,ו,נתן,ג&#39;והן,לְלֹא,הַבָּא,אַחֵר,את כל,איפה,שקרים,לקרוא,פברואר,נותן,כְּנֵסִיָה,חָדָשׁ,של מי,שְׁנִיָה,יפה,כְּמוֹ כֵן,זֶה,ראשון,פה,חבר,להפוך ל,פחית,לאחר מכן,פעם ראשונה,מאוד,לא,ראשון,u,חזור,היה,אוּנִיבֶרְסִיטָה,הכל,ב,שֶׁלָהֶם,קיבלו,לַעֲמוֹד,חָדָשׁ,שֶׁלָהֶם,מִשׁפָּחָה,רחוב,v,יַחַד,צריך,שֶׁלוֹ,זֶה,וילהלם,לנעול,עָצוּם,במקום,אחרי זה,ידוע,היה,מקום,מקום,שמות,זֶה,תמיד,ה,בגלל,מיכאל,עצמי,עונה,וינה,אכן,אוֹ,חָדָשׁ,ממוקם,אלא,גודל,התחיל,yl,מֵאָה,תוספות,אַחֵר,קְבוּצָה,אם,מִלחָמָה,שחקן,לקח,ממסר,פרק,ל,אומנות,ג&#39;ורג &#39;,לד,פרידריך,הלך,חָמֵשׁ,עקב,יתר על כך,רישום,נוסף,אחרים,אחרון,אֲקָדֶמִיָה,זכית,שקוראים לו,פרנקפורט,כמה,שיחק,הרבה,סִדרָה,לִהיוֹת,הָהֵן,סגנון תצוגה,מצאתי,התחלה,כַּמָה,בֵּן,goethes,אטרי,צָרְפָתִית,קרל,איזה,זֶה,אנא עיין,לייפציג,מַהֲדוּרָה,חֶברָה,שֶׁלוֹ,כותרת,בו,נשאר,כל אחד,שייך ל,מיליונים,נוסף,קזנובה,כְּבִישׁ,הוחזר,עובד,חייב,האנובר,גלוי לב,צָרְפַת,פול,קצר,צריך,מָחוֹז,אוֹסְטְרֵיָה,ורל,רוּסִיָה,עַכשָׁיו,עמוד,לאחר מכן,לא,אֵזוֹר,ק&quot;מ,חיילים,חָדָשׁ,משחקים,בסך הכל,היינריך
то,то,а также,в,из,в,то,из,С участием,то,является,то,в виде,к,Для,был,на,а,а,сам,является,ан,к,являюсь,война,в,вне,также,к,ты,к,один,это,от,к,Нет,один,стали,выше,находятся,а,один,мы,становится,или же,под,из,спереди,что,как,isbn,его,его,поскольку,просто,по-прежнему,имел бы,год,из,из,s,то,но,быть,веб ссылки,город,в виде,между,два,мы,Имеет,годы,это,эти,так,Немецкий,индивидуальные доказательства,первый,против,один,а,из,время,три,тем не мение,на,позже,пока,человек,история,Берлин,годы,более,о,дает,группа,литература,август,Гете,уже,м,часть,Жизнь,очередной раз,ему,его,ваш,первый,сентябрь,апреля,его,июнь,мог,Октябрь,Там,конец,местная общественность,Немецкий,Cегодня,Январь,Сортировать,я,четыре,ред,чтобы,маршировать,Германия,Мюнхен,от их,июль,с этим,может,английский,Может,Немецкий,Декабрь,Способствовать,ему,иметь,Издательство,век,оба,ноябрь,пришел,ты,а также,дал,Иоганн,без,Следующий,Другие,все,Где,ложь,читать,Февраль,дает,церковь,новый,чей,второй,красивая,так же,это,первый,здесь,член,превратиться в,может,тогда,первый раз,очень,нет,первый,ты,назад,было,Университет,все,б,их,получили,стоять,новый,их,семья,ул,v,все вместе,должен,его,это,Вильгельм,замок,огромный,вместо,после этого,известен,имел,место,место,имена,это,всегда,то,из-за,Майкл,себя,время года,Вена,Действительно,или же,новый,расположен,скорее,размер,начал,ил,век,ins,Другие,команда,если,война,игрок,взял,реле,эпизод,к,Изобразительное искусство,Георг,вел,Фридрих,пошли,пять,из-за,более того,листинг,способствовать,Другие,последний,академия,победил,называется,Франкфурт,некоторый,играл,лоты,ряд,быть,те,стиль отображения,нашел,Начало,несколько,сын,Goethes,Atari,Французский,Карл,Который,это,пожалуйста, обратитесь,Лейпциг,версия,общество,его,заглавие,в котором,остался,каждый,принадлежал,миллионы,способствовать,Казанова,Дорога,извлечен,работает,должен был,Ганновер,откровенный,Франция,Павел,короткая,должен,округ,Австрия,варель,Россия,сейчас,страница,после этого,нет,Область,км,войска,Новый,игры,в общей сложности,Генрих
ال,ال,و,في,من,في ال,ال,من,مع,ال,هو,ال,مثل,ل,ل,كان,على,أ,أ,نفسك,هو,ا,بعد,صباحا,حرب,في,خارج,أيضا,ل,حضرتك,الى,واحد,أنه,بواسطة,ل,لا,واحد,أصبح,في الاعلى,نكون,أ,واحد,كانوا,يصبح,أو,تحت,من عند,امام,الذي - التي,كيف,isbn,له,له,حيث,فقط,ما يزال,سيكون,عام,من,من عند,س,ال,لكن,يكون,روابط انترنت,مدينة,مثل,ما بين,اثنين,كانوا,لديها,سنوات,هذا,هؤلاء,وبالتالي,ألمانية,دليل فردي,أول,ضد,واحد,أ,من عند,زمن,ثلاثة,غير أن,في ال,الى وقت لاحق,في حين,رجل,التاريخ,برلين,سنوات,أكثر,حول,يعطي,حافظة مسافة,المؤلفات,أغسطس,جوته,سابقا,م,جزء,حياة,مجددا,له,له,لك,أول,شهر سبتمبر,أبريل,له,يونيو,يستطع,اكتوبر,هناك,نهاية,مجتمع محلي,ألمانية,اليوم,كانون الثاني,فرز,أنا,أربعة,إد,بغرض,مارس,ألمانيا,ميونيخ,من هم,تموز,معها,تستطيع,الإنجليزية,مايو,ألمانية,ديسمبر,إضافه على,له,امتلاك,شركة نشر,مئة عام,على حد سواء,شهر نوفمبر,أتى,أنت,و,أعطى,جوهان,بدون,بجانب,آخر,الكل,أين,يكذب,اقرأ,شهر فبراير,يعطي,كنيسة,الجديد,ملك من,ثانيا,جميلة,على نفس المنوال,هذا,أول,هنا,عضو,تحول إلى,مقدرة,ومن بعد,اول مرة,جدا,لا,أول,ش,عودة,كنت,جامعة,كل شىء,ب,هم,تم الاستلام,يقف,الجديد,هم,الأسرة,شارع,الخامس,سويا,ينبغي,له,هذا,فيلهلم,قصر كبير,تسربت,بدلا من,بعد هذا,معروف,كان,مكان,مكان,الأسماء,هذا,دائما,ال,بسبب,ميخائيل,الذات,الموسم,فيينا,في الواقع,أو,الجديد,يقع,على الاصح,بحجم,بدأت,يل,مئة عام,الإضافية,آخر,فريق,إذا,حرب,لاعب,أخذ,تناوب,حلقة,ل,فن,جورج,يؤدى,فريدريش,ذهب,خمسة,اجبة إلى,وعلاوة على ذلك,قائمة,بالإضافة إلى ذلك,آحرون,الاخير,الأكاديمية,وون,اتصل,فرانكفورت,بعض,لعب,الكثير,مسلسل,يكون,أولئك,عرض,وجدت,بداية,العديد,ابن,جيثيس,أتاري,الفرنسية,كارل,أي,هذا,يرجى الرجوع,لايبزيغ,الإصدار,المجتمع,له,لقب,بحيث,بقي,كل,ينتمي الي,ملايين,متابعة,كازانوفا,طريق,تم الاسترجاع,أعمال,كان يجب ان,هانوفر,صريح,فرنسا,بول,قصير القامة,ينبغي,منطقة,النمسا,فاريل,روسيا,الآن,صفحة,بعد ذلك,لا,منطقة,كم,القوات,جديد,ألعاب,ما مجموعه,هاينريش
les,les,et,dans,de,dans le,les,des,Avec,les,est,les,comme,à,Pour,a été,au,une,une,toi-même,est,un,à,un m,guerre,à,en dehors,également,à,toi,au,une,c&#39;est,par,à,Pas,une,devenir,dessus,sont,une,une,ont été,devient,ou alors,en dessous de,de,devant,cette,comment,isbn,le sien,le sien,puisque,juste,encore,aurait,an,de,de,s,les,mais,être,liens web,ville,comme,entre,deux,ont été,Possède,années,cette,celles-ci,donc,Allemand,preuve individuelle,premier,contre,une,une,de,temps,Trois,pourtant,au,plus tard,tandis que,homme,l&#39;histoire,Berlin,années,Suite,à propos de,donne,bande,Littérature,août,Goethe,déjà,m,partie,Vie,de nouveau,lui,le sien,votre,premier,septembre,avril,le sien,juin,pourrait,octobre,Là,finir,communauté locale,Allemand,aujourd&#39;hui,janvier,trier,je,quatre,ed,afin de,Mars,Allemagne,Munich,de leur,juillet,avec ça,pouvez,Anglais,Mai,Allemand,décembre,Plus loin,lui,pour avoir,maison d&#39;édition,siècle,tous les deux,novembre,venu,toi,et,donné,Johann,sans pour autant,Suivant,autre,tout,Où,mensonges,lis,février,donne,église,Nouveau,à qui,deuxième,belle,de même,cette,premier,ici,membre,devenir,pouvez,ensuite,première fois,très,non,premier,u,dos,a été,Université,tout,b,leur,reçu,supporter,Nouveau,leur,famille,st,v,ensemble,devrait,le sien,cette,Wilhelm,fermer à clé,énorme,à la place de,après ça,connu,eu,endroit,endroit,des noms,cette,toujours,la,à cause de,Michael,soi,saison,Vienne,En effet,ou alors,Nouveau,est situé,plutôt,Taille,a débuté,yl,siècle,ins,autre,équipe,si,guerre,joueur,a pris,relais,épisode,à,de l&#39;art,Georg,LED,Friedrich,est allé,cinq,à cause de,en outre,liste,plus loin,Autres,dernier,académie,Gagné,appelé,Francfort,quelque,joué,beaucoup,séries,être,ceux,style d&#39;affichage,trouvé,Début,plusieurs,fils,va,atari,français,Karl,Lequel,cette,se il vous plaît se référer,Leipzig,édition,société,le sien,Titre,dans lequel,séjourné,chaque,appartenu à,des millions,plus loin,Casanova,route,récupéré,travaux,devait,Hanovre,franc,France,Paul,court,devrait,quartier,L&#39;Autriche,Varel,Russie,à présent,page,après ça,non,Surface,km,troupes,Nouveau,Jeux,un total de,Heinrich
ο,ο,και,σε,του,στο,ο,του,Με,ο,είναι,ο,όπως και,προς την,Για,υπήρξε,επί,ένα,ένα,ο ίδιος,είναι,ένα,προς την,είμαι,πόλεμος,στο,έξω,επίσης,προς την,εσείς,στο,ένας,είναι,με,προς την,Δεν,ένας,γίνομαι,πάνω από,είναι,ένα,ένας,ήταν,γίνεται,ή,υπό,από,μπροστά,ότι,πως,isbn,του,του,Από,μόλις,ακόμη,θα είχα,έτος,του,από,μικρό,ο,αλλά,είναι,διαδικτυακοί σύνδεσμοι,πόλη,όπως και,μεταξύ,δύο,ήταν,Έχει,χρόνια,Αυτό,αυτά τα,Έτσι,Γερμανός,ατομικές αποδείξεις,πρώτα,κατά,ένας,ένα,από,χρόνος,τρία,ωστόσο,στο,αργότερα,ενώ,άνδρας,ιστορία,Βερολίνο,χρόνια,περισσότερο,σχετικά με,δίνει,ζώνη,βιβλιογραφία,Αύγουστος,Γκάιτε,ήδη,Μ,μέρος,ΖΩΗ,πάλι,αυτόν,του,τα δικα σου,πρώτα,Σεπτέμβριος,Απρίλιος,του,Ιούνιος,θα μπορούσε,Οκτώβριος,Εκεί,τέλος,τοπική κοινότητα,Γερμανός,σήμερα,Ιανουάριος,είδος,Εγώ,τέσσερα,εκδ,ώστε να,Μάρτιος,Γερμανία,Μόναχο,από τους,Ιούλιος,Με αυτό,μπορώ,Αγγλικά,Ενδέχεται,Γερμανός,Δεκέμβριος,Περαιτέρω,αυτόν,να έχω,Εκδοτικός οίκος,αιώνας,και τα δυο,Νοέμβριος,ήρθε,εσείς,και,έδωσε,Ιωάννη,χωρίς,Επόμενο,άλλα,όλα,Οπου,ψέματα,ανάγνωση,Φεβρουάριος,δίνει,Εκκλησία,νέος,του οποίου,δεύτερος,πανεμορφη,Επίσης,Αυτό,πρώτα,εδώ,μέλος,μεταμορφώνομαι,μπορώ,έπειτα,πρώτη φορά,πολύ,όχι,πρώτα,εσύ,πίσω,ήταν,πανεπιστήμιο,τα παντα,σι,δικα τους,έλαβε,στάση,νέος,δικα τους,οικογένεια,αγ,β,μαζί,πρέπει,του,Αυτό,Wilhelm,κλειδαριά,τεράστιος,αντί,μετά από αυτό,γνωστός,είχε,θέση,θέση,ονόματα,Αυτό,πάντα,ο,εξαιτίας,Μιχαήλ,εαυτός,εποχή,Βιέννη,Πράγματι,ή,νέος,βρίσκεται,μάλλον,Μέγεθος,ξεκίνησε,υλ,αιώνας,εσωτερικά,άλλα,ομάδα,αν,πόλεμος,παίχτης,πήρε,αναμετάδοση,επεισόδιο,προς την,τέχνη,georg,οδήγησε,Friedrich,πήγε,πέντε,εξαιτίας,Εξάλλου,λίστα,περαιτέρω,Οι υπολοιποι,τελευταίος,ακαδημία,Κέρδισε,που ονομάζεται,Φρανκφούρτη,μερικοί,έπαιξε,πλήθος,σειρά,είναι,εκείνοι,στυλ εμφάνισης,βρέθηκαν,Αρχή,αρκετά,υιός,γκέιτς,Ατάρι,γαλλική γλώσσα,καρλ,Οι οποίες,Αυτό,Παρακαλώ αναφερθείτε,Λειψία,έκδοση,κοινωνία,του,τίτλος,στο οποίο,έμεινε,καθε,ανήκε σε,εκατομμύρια,περαιτέρω,casanova,δρόμος,ανακτήθηκε,έργα,έπρεπε να,Ανόβερο,ειλικρινής,Γαλλία,Παύλος,μικρός,πρέπει,περιοχή,Αυστρία,Βαρέλ,Ρωσία,τώρα,σελίδα,μετά από αυτό,όχι,Περιοχή,χιλιόμετρα,στρατεύματα,Νέος,Παιχνίδια,συνολικά,Χάινριχ
,,ve,içinde,nın-nin,içinde,,nın-nin,İle,,dır-dir,,gibi,-e,İçin,olmuştur,açık,a,a,kendin,dır-dir,bir,-e,am,savaş,-de,dışarı,Ayrıca,-e,sen,-e,bir,bu,tarafından,-e,Değil,bir,olmak,yukarıda,vardır,a,bir,-di,olur,veya,altında,itibaren,önünde,o,Nasıl,isbn,onun,onun,dan beri,sadece,hala,olurdu,yıl,nın-nin,itibaren,s,,fakat,olmak,İnternet linkleri,Kent,gibi,arasında,iki,-di,Vardır,yıl,bu,bunlar,yani,Almanca,bireysel kanıt,ilk,karşısında,bir,a,itibaren,zaman,üç,ancak,-de,sonra,süre,adam,Tarih,Berlin,yıl,Daha,hakkında,verir,grup,Edebiyat,Ağustos,Goethe,zaten,m,Bölüm,Hayat,tekrar,onu,onun,sizin,ilk,Eylül,Nisan,onun,Haziran,abilir,Ekim,Orada,son,Yerel topluluk,Almanca,bugün,Ocak,çeşit,ben,dört,ed,amacıyla,Mart,Almanya,Münih,onların,Temmuz,Bununla,Yapabilmek,ingilizce,Mayıs,Almanca,Aralık,Daha ileri,onu,sahip olmak,Yayıncılık şirketi,yüzyıl,her ikisi de,Kasım,geldi,sen,ve,verdi,Johann,olmadan,Sonraki,diğer,herşey,Nerede,yalanlar,okumak,Şubat,verir,kilise,yeni,kimin,ikinci,güzel,Aynı şekilde,bu,ilk,İşte,üye,dönüşmek,Yapabilmek,sonra,İlk kez,çok,Hayır,ilk,sen,geri,oldu,Üniversite,herşey,b,onların,Alınan,ayakta durmak,yeni,onların,aile,st,v,birlikte,meli,onun,bu,Wilhelm,kilit,Kocaman,onun yerine,bundan sonra,bilinen,vardı,yer,yer,isimler,bu,her zaman,,yüzünden,Michael,kendini,mevsim,Viyana,Aslında,veya,yeni,bulunduğu,daha doğrusu,boyut,başladı,yl,yüzyıl,ins,diğer,takım,Eğer,savaş,oyuncu,aldı,röle,bölüm,-e,Sanat,Georg,Led,Friedrich,gitti,beş,Nedeniyle,Dahası,listeleme,Daha ileri,Diğerleri,son,akademi,kazandı,aranan,Frankfurt,biraz,oynadı,çok,dizi,olmak,şunlar,ekran stili,bulundu,Başlangıç,birkaç,oğul,Goethes,Atari,Fransızca,Karl,Hangi,bu,lütfen bakın,Leipzig,baskı,toplum,onun,Başlık,içinde,kaldı,her biri,ye ait,milyonlar,Daha ileri,Casanova,yol,alındı,İşler,zorunda,Hannover,dürüst,Fransa,Paul,kısa,meli,ilçe,Avusturya,Varel,Rusya,şimdi,sayfa,Daha sonra,Hayır,Alan,km,askerler,Yeni,oyunlar,toplamda,Heinrich
the,the,and,in,of,in the,the,of,With,the,is,the,as,to,For,has been,on,a,a,yourself,is,an,to,am,war,at,out,also,to,you,to the,one,it is,by,to,Not,one,become,above,are,a,one,were,becomes,or,under,from,in front,that,how,isbn,his,his,since,just,still,would have,year,of,from,s,the,but,be,weblinks,city,as,between,two,were,Has,years,this,these,so,German,individual evidence,first,against,one,a,from,time,three,however,at the,later,while,man,history,Berlin,years,more,about,gives,band,literature,august,Goethe,already,m,part,Life,again,him,his,your,first,september,april,his,June,could,October,There,end,local community,German,today,January,sort,i,four,ed,in order to,March,Germany,Munich,of their,July,with it,can,English,May,German,December,Further,him,to have,publishing company,century,both,november,came,you,and,gave,johann,without,Next,other,all,Where,lies,read,February,gives,church,new,whose,second,beautiful,Likewise,this,first,here,member,turn into,can,then,first time,very,no,first,u,back,was,university,everything,b,their,received,stand,new,their,family,st,v,together,should,his,this,Wilhelm,lock,huge,instead of,after this,known,had,place,place,names,this,always,the,because of,michael,self,season,Vienna,Indeed,or,new,is located,rather,size,started,yl,century,ins,other,team,if,war,player,took,relay,episode,to,art,georg,led,friedrich,went,five,due to,moreover,listing,further,Others,last,academy,won,called,Frankfurt,some,played,lots,series,be,those,displaystyle,found,Beginning,several,son,goethes,atari,french,karl,Which,this,please refer,Leipzig,edition,society,his,title,in which,stayed,each,belonged to,millions,further,casanova,road,retrieved,works,had to,Hanover,frank,France,paul,short,should,district,Austria,varel,Russia,now,page,after that,no,Area,km,troops,New,games,a total of,Heinrich
