de,es,it,ru,ar,fr,el,tr,en
von,Sie,Auf,er,Mit,im Jahr,ebenfalls,Nein,Auf der Website,zum anderen,War,Sie,zwischen,Durch,oder,weil,Es,aber,Israel,Bis um,war,auf Englisch,alle,Extern,Links,diese,welche,Vereinigte Staaten,Kopf,der erste,Mehr,es gab,während,gleich wie,Sie,einer,Eine Zahl,Zuhause,die meisten,Die Stadt,Name,Seine,bei ihm,wann sind,so,Damit,zu ihm,Bemerkungen,Purpur,Ränder,Nase,ihm,Ja,die Welt,zu,das Buch,Auf dem Weg,diese,Der Erste,Einer,Der Zweite,nur,Krieg,Das Meer,es gibt,Länder,Das Lied,Beginnend,Dann,Rat,viele,Anstatt von,der Zweite,mal,im Mai,wurde geboren,Vor,In gewisser Weise,schlafen,in ihr,Aufführen,Sohn,Wenn,Ein weiterer,Der Krieg,Macht,Jahre,Diese,Im Oktober,Glatt,es ist,im September,Nicht,insgesamt,Haim,Frühling,im Namen von,Gewonnen,In Israel,Zu Hause,ebenfalls,Jahrhundert,Das Land,Seite? ˅,zusammen,Folgen,dass er,In Ergänzung,Sie können,ihr,Gegen,sein,gegen,in ihnen,Im August,von,Nichts,ein Tag,Hauptsächlich,Im gleichen,von,im Juni,und er,Tel,innerhalb,Januar,schon seit,Intelligenz,reifen,Weg,Unternehmen,ohne,Und nein,Gewonnen,In der Stadt,Sie,im Licht von,Die Jahre,zum,Göttin,Die Räte,Jahre,unter,März,Durch,Buch,nach dem,Marine,Mehr,Viele,Rabbi,Andere,Anders,Wert,Im Dezember,Was,In der Gegend,Mein Sohn,zwei,April,im Februar,Im November,Regel,Halle,ausgegangen,In Jahren,Land,Juli,War,Schrieb,Während,Die Gruppe,Mehr,Andere,Das offizielle,zuerst,Gerührt,Meter,gemäß,Portion,Jahr,im Dienst,selbst,Werkzeug,unter,Eine Person,ihr,das Internet,Mitglied,In der Welt,zur Zeit,Stimmen,Da,Mischna,Zähler,innerhalb,ist gekommen,In der Meisterschaft,sowie,das Militär,einschließlich,Mann,der Film,Die Firma,Sondern eher,Sie,multi,Frankreich,Allianz,Japan,Cyrus,Verschiedene,Mit,Jerusalem,Sehen,zusätzlich,Dann,Etwas,durch,Bei der Wahl,Zeit,Subtilität,Frauen,Deutschland,Empfangen,Und weiter,eine Million,Mehrheit,Heute,nichts,Innerhalb,Das Reich,Ist nicht,Im Film,Dafür,Redaktion,Im Netz,Der Prozess,Geschichte,sitzen,Meine Tochter,und du,Gesicht,nur,Das Album,im Feld,Komitee,Kräfte,bereits,die Briten,der endgültige,Haifa,Die Regierung,Am Ende,Sozial,Der große,Menschen,Die Juden,Und mehr,Und,Information,IDF,ist sehr,Pünktlich,Biografie,In meiner Hand,der dritte,drei,entlang,Phobie,Koordinator,Und,Begann,Onkel,Im Spiel,ein Ort,In Ländern,Auf die Seite,Gruppe,Das Spiel,Systeme,Regierung,Manchmal,mein Freund,groß,Veröffentlichen,Macht,Konfrontiert,ihr,Büro,Der Amtsinhaber,Europa,Zuerst,Moshe,Gegenteil,jüdisch,Mann,Profil,Sein Name,Minister
de,Tú,En,él,Con,en el año,además,No,En el sitio,a otro,Estaba,Ella,Entre,Por,o,Porque,Eso,pero,Israel,Hasta que,estaba,en Inglés,todas,Externo,Enlaces,esto,cual,Estados Unidos,cabeza,el primero,Más,había,durante,igual que,ellos,uno,Un número,Casa,la mayoría,La ciudad,Nombre,Su,a él,cuando están,entonces,Con el fin de,a él,Observaciones,carmesí,Márgenes,Nariz,él,sí,el mundo,a,el libro,Con membrete,esto,El primero,Uno,El segundo,solo,Guerra,El mar,hay,Países,La canción,A partir de,Luego,Consejo,muchos,en vez de,el segundo,veces,En Mayo,nació,antes de,En cierto sentido,dormir,en su,Lista,hijo,Si,Otro,La guerra,fuerza,Años,Estas,En octubre,Liso,su,en septiembre,No,en todo,Haim,Primavera,a nombre de,Ganado,En Israel,En casa,además,Siglo,El país,sitio,juntos,Siguiente,que él,Además,Usted puede,su,En contra,ser - estar,en contra,en ellos,En agosto,de,Nada,un día,Principalmente,En el mismo,de,en junio,y el,Tel,dentro,enero,desde,Inteligencia,maduro,camino,Empresa,sin,Y no,Ganado,En la ciudad,ellos,a la luz de,Los años,por,diosa,Los consejos,Años,debajo,en marzo,Mediante,Libro,después,Marina,Más,Muchos,Rabino,Otro,Diferente,valor,En diciembre,qué,En el área,mi hijo,dos,abril,en febrero,En noviembre,regla,sala,salió,En años,País,mes de julio,Estaba,Escribió,Durante,El grupo,Más,otros,El oficial,primero,Movido,metro,según,parte,Año,de guardia,él mismo,herramienta,entre,Una persona,su,La Internet,Miembro,En el mundo,actualmente,Voces,Da,Mishnat,encimera,dentro,ha llegado,En el campeonato,como,el militar,incluso,esposo,la película,La empresa,Sino mas bien,ellos,multi,Francia,Alianza,Japón,Ciro,Varios,Con,Jerusalén,Ver,adicional,Luego,Algunos,mediante,En la elección,hora,sutileza,mujeres,Alemania,Recibió,Y en,un millón,mayoria,Hoy,nada,Adentro,El imperio,No es,En la película,Para eso,Consejo editorial,En la red,La prueba,historia,sentarse,Mi hija,y usted,Cara,solo,El álbum,en el campo,Comité,Efectivo,ya,el británico,el final,Haifa,El Gobierno,al final,Social,El gran,Personas,Los judios,Y más,Y,información,IDF,es muy,A tiempo,biografía,En mi mano,El tercero,Tres,a lo largo de,fobia,coordinador,Y,Comenzó,Tío,En el juego,un lugar,En paises,Por el lado,Grupo,El juego,Sistemas,Gobierno,Algunas veces,mi amiga,grande,Publicación,Podría,Enfrentado,su,oficina,El titular,Europa,Primero,Moshe,opuesto,judío,hombre,perfil,Su nombre,ministro
di,voi,Sopra,lui,Con,nell&#39;anno,anche,No,Sul posto,ad un altro,Era,Lei,fra,Di,o,Perché,It,ma,Israele,Fino a,era,in inglese,tutti,Esterno,Collegamenti,Questo,quale,stati Uniti,testa,il primo,Di più,c&#39;erano,durante,uguale a,essi,uno,Un numero,Casa,maggior parte,La città,Nome,Il suo,a lui,quando sono,così,In modo da,a lui,Osservazioni,Cremisi,Margini,Naso,lui,sì,il mondo,per,il libro,Intestato,Questo,Il primo,Uno,Il secondo,solo,Guerra,Il mare,c&#39;è,Paesi,La canzone,Di partenza,Poi,Consiglio,molti,invece di,il secondo,volte,a maggio,sono nato,prima,In un modo,dormire,in lei,Elenco,figlio,Se,Un altro,La guerra,vigore,Anni,Questi,In ottobre,Liscio,suo,nel mese di settembre,Non,in tutto,Haim,Primavera,per conto di,Ha vinto,In Israele,A casa,anche,Secolo,Paese,luogo,insieme,A seguire,che lui,Inoltre,Puoi,sua,Contro,essere,contro,in loro,in agosto,a partire dal,Niente,un giorno,Principalmente,Nello stesso,di,nel mese di giugno,e lui,Tel,entro,gennaio,da,Intelligenza,maturo,modo,Azienda,senza,E no,Ha vinto,Nella città,essi,alla luce,Gli anni,per,dea,I consigli,Anni,sotto,nel mese di marzo,Attraverso,Libro,dopo,Marino,Di più,Molti,Rabbino,Altro,Diverso,valore,In dicembre,che cosa,Nella zona,mio figlio,Due,aprile,a febbraio,A novembre,regola,sala,uscì,In anni,Nazione,luglio,Era,Ha scritto,Durante,Il gruppo,Di più,altri,L&#39;ufficiale,primo,Mosso,metro,come da,porzione,Anno,in servizio,lui stesso,attrezzo,tra,Una persona,sua,Internet,Membro,Nel mondo,attualmente,Voci,Da,Mishnat,contatore,entro,è arrivato,Nel campionato,ad esempio,il militare,Compreso,marito,la pellicola,L&#39;azienda,Ma piuttosto,loro,multi,Francia,alleanza,Giappone,Ciro,Varie,Con,Gerusalemme,Vedere,aggiuntivo,Poi,Alcuni,attraverso,Nelle elezioni,tempo,sottigliezza,donne,Germania,Ricevuto,E avanti,un milione,maggioranza,Oggi,Niente,Dentro,L&#39;impero,Non è,Nel film,Per quello,redazione,In rete,Il processo,storia,sedersi,Mia figlia,e tu,Viso,solo,L&#39;album,nel campo,Comitato,Forze,già,il britannico,il finale,Haifa,Il governo,alla fine,Sociale,Il grande,Persone,Gli ebrei,E altro ancora,E,informazione,IDF,è molto,Puntuale,biografia,Nella mia mano,il terzo,tre,lungo,fobia,coordinatore,E,Ha iniziato,Zio,Nel gioco,un posto,Nei paesi,Di fianco,Gruppo,Il gioco,Sistemi,Governo,A volte,mio amico,grande,Pubblicazione,Potrebbe,Di fronte,loro,ufficio,L&#39;incumbent,Europa,Primo,Moshe,di fronte,Ebraica,uomo,profilo,Il suo nome,ministro
из,Ты,На,он,С участием,в год,также,Нет,На сайте,к другому,Было,Она,между,От,или же,Так как,Это,но,Израиль,До того как,было,на английском,все,Внешний,Ссылки,это,который,Соединенные Штаты,глава,первый,Более,было,в течение,такой же как,Они,один,Число,Дом,наиболее,Город,Имя,Его,на него,когда же,так,Чтобы,Для него,Замечания,малиновый,Маржа,Нос,ему,да,мир,к,книга,Возглавил,это,Первое,Один,Второй,Только,Война,Море,Там есть,Страны,Песня,Запуск,потом,Совет,многие,вместо,второй,раз,в мае,был рожден,перед,В некотором роде,спать,в ее,Список,сын,Если,Другой,Война,сила,Годы,Эти,В октябре,Гладкий,это,в сентябре,Нет,в целом,Хаим,Весна,от имени,Победил,В Израиле,Дома,также,Век,Страна,сайт,все вместе,Следующий,что он,Кроме того,Ты можешь,ее,Против,быть,против,в них,В августе,из,Ничего такого,день,В основном,В то же самое,из,в июне,и он,Тел.,в,Январь,поскольку,Интеллект,зрелый,способ,Компания,без,И нет,Победил,В городе,Они,в свете,Года,для,богиня,Советы,Годы,под,в марте,Через,Книга,после,морской,Более,Многие,Раввин,Другой,Разные,значение,В декабре,какие,В области,мой сын,два,апреля,в феврале,В ноябре,правило,зал,вышел,Годами,Страна,июль,Было,Написал,В течение,Группа,Более,другие,Официальный,первый,Взолнованный,метр,согласно,часть,Год,на службе,сам,инструмент,среди,Персона,ее,интернет,Член,В мире,В настоящее время,Голоса,Да,Мишнат,прилавок,в,пришел,В чемпионате,такой как,военный,в том числе,муж,фильм,Компания,Скорее,их,мульти,Франция,союз,Япония,Сайрус,Разные,С участием,Иерусалим,Видеть,дополнительный,потом,Некоторый,через,На выборах,время,тонкость,женщины,Германия,Получили,И дальше,один миллион,большинство,Сегодня,ничего такого,Внутри,Империя,Не является,В фильме,Для этого,редакционная коллегия,В сети,Судебный процесс,история,сидеть,Моя дочь,а вы,Лицо,Только,Альбом,в поле,Комитет,Силы,уже,британский,финал,Хайфа,Правительство,в конце,Социальное,Великий,Люди,Евреи,И больше,А также,Информация,IDF,очень,Вовремя,биография,В моей руке,третий,три,вдоль,фобия,координатор,А также,Начал,Дядя,В игре,место,В странах,В сторону,Группа,Игра,Системы,Правительство,Иногда,мой друг,большой,Издательский,Мощь,Столкнулся,их,офис,Действующий,Европа,Первый,Моше,противоположный,Еврейский,человек,профиль,Его имя,министр
من,انت,على,هو,مع,في السنة,ايضا,لا,في الموقع,إلى آخر,كان,هي,ما بين,بواسطة,او,لان,هذا,لكن,إسرائيل,حتى,كانت,باللغة الإنجليزية,كل,خارجي,الروابط,هذا,التي,الولايات المتحدة الأمريكية,رأس,الاول,كثير,كانوا,أثناء,مثل,هم,واحد,رقم,دار,عظم,المدينة,اسم,له,عنده,عندما,هكذا,إلى,له,ملاحظات,اثنين,الهوامش,انف,نفسه,نعم,العالم,الى,الكتاب,يترأس,هذه,الأول,واحده,في المرتبه الثانيه,فقط,حرب,البحر,يوجد,الدول,الأغنية,بدء,ثم,مجلس,جمع,بالمكان,الثاني,مرات,مايو,ولد,قبل,في,نايم,فيها,قائمة,ابن,ام,اخر,الحرب,فيلق,سنوات,هؤلاء,في اكتوبر,قسم,لها,في سبتمبر,أن,بكل,حياة,ربيع,باسم,ربح,باسرائيل,بالبيت,نعم,مئة عام,البلد,موقع,معا,التالية,أنه,فضلا عن ذلك,يمكنك,هذا,مقابل,أن تكون,ضد,بهم,في أغسطس,من,شي,يوم,في الاساس,في نفس,من,فى يونيو,وهو,هاتف,في غضون,كانون الثاني,منذ,ذكاء,لأن,طريق,شركة,بدون,و,وون,في المدينة,أنهم,في ضوء,السنوات,ل,إلهة,المجالس,سنوات,تحت,في مارس,بواسطة,كتاب,بعد,البحرية,اخرى,كثير,الحبر,اخر,مختلف,قيمة,في ديسمبر,ماذا,في المنطقة,ابني,اثنتين,أبريل,في فبراير,في نوفمبر,قاعدة,قاعة,خرجت,في سنوات,دولة,تموز,كنت,كتب,أثناء,المجموعة,أكثر,اخرين,الرسمي,لأول مرة,ماضي,متر,حسب,جزء,سنة,في الخدمة,نفسه,عده,بين,انسان,لها,الأنترنيت,صديق,فى العالم,حاليا,أصوات,دا,مشنات,عداد,في حين,وصل,في البطولة,مثل,الجيش,يشمل,الزوج,الفلم,الشركة,لكن بالأحرى,هم,كثير,فرنسا,بريت,يابان,سايروس,مختلف,مع,القدس,يرى,إضافي,ثم,كم,الطريق,في الانتخابات,الزمن,دقائق,امرأة,المانيا,تم الاستلام,و على,مليون,كثير,اليوم,لا يوجد,داخل,الإمبراطورية,ليس,في الفيلم,من أجل هذا,نظام,على الشبكة,المحاكمة,التاريخ,يجلس,ابنتي,وأنت,وجه,فقط,الالبوم,مجال,حتى,القوات,سابقا,البريطاني,الاخير,حيفا,الحكومة,بالنهاية,اجتماعي,العظيم,الناس,اليهود,و اكثر,و,معلومه,جيش الدفاع الإسرائيلي,جدا,في الوقت المناسب,سيرة شخصية,في يدي,الثالث,ثلاث,على امتداد,عندما,مركز,و,بدأت,عم,في اللعبة,مكان,في البلاد,جنبا إلى جنب,مجموعة,اللعبة,انظمة,حكومة,احيانا,صديقى,كبير,نشر,قد,واجه,لهم,مكتب,صاحب المنصب,اوروبا,الأحد,موشيه,جعلت,يهودي,رجل,الملف الشخصي,عين,وزير
de,Toi,Au,il,Avec,dans l&#39;année,également,Non,Sur le site,à un autre,A été,Elle,entre,Par,ou alors,Parce que,Il,mais,Israël,Jusqu&#39;à ce que,a été,En anglais,tout,Externe,Liens,cette,lequel,États Unis,diriger,le premier,Suite,il y avait,durant,pareil que,elles ou ils,une,Un numéro,Domicile,les plus,La ville,Nom,Le sien,à lui,quand sont,donc,Afin de,à lui,Remarques,cramoisi,Marges,Nez,lui,Oui,le monde,à,le livre,À tête,cette,La première,Une,La deuxième,seul,Guerre,La mer,il y a,Des pays,La chanson,Départ,Puis,Conseil,beaucoup,à la place de,la deuxième,fois,en mai,est né,avant que,Dans un sens,dormir,en elle,Lister,fils,Si,Une autre,La guerre,Obliger,Années,Celles-ci,En octobre,Lisse,son,en septembre,Pas,dans tout,Haim,Printemps,au nom de,Gagné,En Israël,À la maison,également,Siècle,Le pays,placer,ensemble,Suivant,qu&#39;il,en plus,Vous pouvez,sa,Contre,être,contre,en eux,En août,de,Rien,un jour,Surtout,Dans le même,de,en juin,et il,Tél,dans,janvier,puisque,Intelligence,mature,chemin,Compagnie,sans,Et non,Gagné,Dans la ville,elles ou ils,à la lumière de,Les années,pour,déesse,Les conseils,Années,en dessous de,en mars,À travers,Livre,après,Marin,Suite,Beaucoup,Rabbin,Autre,Différent,valeur,En décembre,quelle,Dans la zone,mon fils,deux,avril,en février,En novembre,régner,salle,est sorti,Dans des années,Pays,juillet,A été,A écrit,Durant,Le groupe,Suite,autres,L&#39;officiel,premier,Déplacé,mètre,selon,portion,An,en service,lui-même,outil,parmi,Une personne,sa,l&#39;Internet,Membre,Dans le monde,actuellement,Voix,Da,Mishnat,compteur,dans,est venu,Au championnat,tel que,les militaires,comprenant,mari,le film,L&#39;entreprise,Mais plutôt,eux,multi,France,Alliance,Japon,Cyrus,Divers,Avec,Jérusalem,Voir,Additionnel,Puis,Quelque,à travers,À l&#39;élection,temps,subtilité,femmes,Allemagne,Reçu,Et sur,un million,majorité,Aujourd&#39;hui,rien,À l&#39;intérieur,L&#39;empire,N&#39;est pas,Dans le film,Pour ça,Comité éditorial,Sur le net,Le procès,l&#39;histoire,asseoir,Ma fille,et toi,Visage,seul,L&#39;album,Sur le terrain,Comité,Les forces,déjà,l&#39;anglais,le final,Haïfa,Le gouvernement,à la fin,Social,Le grand,Gens,Les Juifs,Et plus,Et,informations,IDF,est très,À temps,Biographie,Dans ma main,le troisième,Trois,le long de,phobie,coordinateur,Et,A commencé,Oncle,Dans le jeu,un endroit,Dans les pays,Sur le côté,Grouper,Le jeu,Systèmes,Gouvernement,parfois,mon amie,gros,Édition,Force,Face,leur,Bureau,Le titulaire,L&#39;Europe ,D&#39;abord,Moshe,opposé,juif,homme,profil,Son nom,ministre
του,Εσείς,Επί,αυτός,Με,το έτος,επίσης,Οχι,Στην ιστοσελίδα,σε άλλο,Ήταν,Αυτή,μεταξύ,Με,ή,Επειδή,Το,αλλά,Ισραήλ,Μέχρι,ήταν,Στα Αγγλικά,όλα,Εξωτερικός,Συνδέσεις,Αυτό,οι οποίες,Ηνωμένες Πολιτείες,κεφάλι,η πρώτη,Περισσότερο,υπήρχαν,στη διάρκεια,το ίδιο με,αυτοί,ένας,Ενας αριθμός,Σπίτι,πλέον,Η πόλη,Ονομα,Του,σ &#39;αυτόν,πότε είναι,Έτσι,Ωστε να,σε αυτόν,Παρατηρήσεις,βυσσινί,Περιθώρια,Μύτη,αυτόν,Ναί,ο κόσμος,προς την,το βιβλίο,Επικεφαλής,Αυτό,Ο πρώτος,Ενας,Το δεύτερο,μόνο,Πόλεμος,Η θάλασσα,υπάρχει,Χώρες,Το τραγούδι,Εκκίνηση,Επειτα,Συμβούλιο,Πολλά,αντί,το δεύτερο,φορές,τον Μάιο,γεννήθηκε,πριν,Κατά μια έννοια,ύπνος,μέσα της,Λίστα,υιός,Αν,Αλλο,Ο πόλεμος,δύναμη,Χρόνια,Αυτά τα,Τον Οκτώβρη,Λείος,του,Τον Σεπτέμβριο,Δεν,σε όλα,Χαϊμ,Ανοιξη,εκ μέρους του,Κέρδισε,Στο Ισραήλ,Στο σπίτι,επίσης,Αιώνας,Η χώρα,ιστοσελίδα,μαζί,ΕΠΟΜΕΝΟ,ότι αυτός,Επιπλέον,Μπορείς,αυτήν,Κατά,να είναι,κατά,σε αυτούς,Τον Αύγουστο,από,Τίποτα,μια μέρα,Κυρίως,Στο ίδιο,του,τον Ιούνιο,και αυτος,Τηλ,στα πλαίσια,Ιανουάριος,Από,Νοημοσύνη,ώριμος,τρόπος,Εταιρία,χωρίς,Και όχι,Κέρδισε,Στην πόλη,αυτοί,υπό το φως της,Τα χρόνια,Για,θεά,Τα συμβούλια,Χρόνια,υπό,τον Μάρτιο,Διά μέσου,Βιβλίο,μετά,θαλάσσια,Περισσότερο,Πολλά,Ραββίνος,Αλλα,Διαφορετικός,αξία,Τον Δεκεμβριο,τι,Στην περιοχή,ο γιος μου,δύο,Απρίλιος,τον Φεβρουάριο,τον Νοεμβριο,κανόνας,αίθουσα,βγήκα έξω,Σε χρόνια,Χώρα,Ιούλιος,Ήταν,Έγραψε,Στη διάρκεια,Η ομάδα,Περισσότερο,οι υπολοιποι,Το επίσημο,πρώτα,Μετακινήθηκε,μετρητής,σύμφωνα με,τμήμα,Ετος,στο καθήκον,ο ίδιος,εργαλείο,αναμεταξύ,Ενα άτομο,αυτήν,το διαδίκτυο,Μέλος,Στον κόσμο,επί του παρόντος,Φωνές,Ντα,Μισνάτ,μετρητής,στα πλαίσια,έχει έρθει,Στο πρωτάθλημα,όπως,ο στρατός,συμπεριλαμβανομένου,σύζυγος,η ταινία,Η εταιρία,Αλλά μάλλον,τους,πολυ,Γαλλία,ΣΥΜΜΑΧΙΑ,Ιαπωνία,Κύρος,Διάφορος,Με,Ιερουσαλήμ,Βλέπω,πρόσθετος,Επειτα,Μερικοί,διά μέσου,Στις εκλογές,χρόνος,λεπτότητα,γυναίκες,Γερμανία,Ελήφθη,Και μετά,ένα εκατομμύριο,η πλειοψηφία,Σήμερα,τίποτα,Μέσα,Η αυτοκρατορία,Δεν είναι,Στη ταινία,Γι&#39;αυτό,Συντακτική Επιτροπή,Στο ίντερνετ,Η δοκιμασία,ιστορία,Καθίστε,Η κόρη μου,και εσύ,Πρόσωπο,μόνο,Το άλμπουμ,στο πεδίο,Επιτροπή,Δυνάμεις,ήδη,οι Βρετανοί,ο τελικός,Χάιφα,Η κυβέρνηση,στο τέλος,Κοινωνικός,Ο σπουδαίος,Ανθρωποι,Οι Εβραίοι,Κι αλλα,Και,πληροφορίες,IDF,είναι πολύ,Στην ώρα,βιογραφία,Στο χέρι μου,η τρίτη,τρία,κατά μήκος,φοβία,συντονιστής,Και,Ξεκίνησε,Θείος,Στο παιχνίδι,ένα μέρος,Σε χώρες,Στο πλάι,Ομάδα,Το παιχνίδι,Συστήματα,Κυβέρνηση,Ωρες ωρες,ο φίλος μου,μεγάλο,Δημοσίευση,Θα μπορούσε,Αντιμετωπίζοντας,δικα τους,γραφείο,Ο κατεστημένος,Ευρώπη,Πρώτα,Μόσχα,απεναντι απο,εβραϊκός,άνδρας,Προφίλ,Το όνομά του,υπουργός
nın-nin,Sen,Açık,o,İle,yılda,Ayrıca,Hayır,Sitede,başka bir,Oldu,O,arasında,Tarafından,veya,Çünkü,O,fakat,İsrail,A kadar,oldu,İngilizcede,herşey,Harici,Bağlantılar,bu,hangi,Amerika Birleşik Devletleri,baş,ilki,Daha,Vardı,sırasında,ile aynı,onlar,bir,Bir sayı,Ev,çoğu,Şehir,İsim Soyisim,Onun,ona,ne zaman,yani,Amacıyla,ona,Uyarılar,Kızıl,Kenar boşlukları,Burun,onu,Evet,Dünya,-e,kitap,Başlı,bu,İlk,Bir,İkinci,sadece,Savaş,Deniz,var,Ülkeler,Şarkı,Başlangıç,Sonra,Konsey,birçok,onun yerine,ikinci,zamanlar,Mayısta,doğdu,önce,Bir bakıma,uyku,Onu içinde,Liste,oğul,Eğer,Bir diğeri,Savaş,güç,Yıllar,Bunlar,Ekimde,Pürüzsüz,onun,eylülde,Değil,tümünde,Haim,İlkbahar,Adına,Kazandı,İsrail&#39;de,Evde,Ayrıca,Yüzyıl,Ülke,site,birlikte,Takip etme,ki o,Ek olarak,Yapabilirsin,ona,Karşısında,olmak,karşısında,onların içinde,Ağustosda,itibaren,Hiçbir şey değil,bir gün,Esasen,Aynısı,nın-nin,Haziranda,ve o,Tel,içinde,Ocak,dan beri,Zeka,olgun,yol,şirket,hayır ile,Ve hayır,Kazandı,Şehirde,onlar,ışığında,Yıllar,için,tanrıça,Konseyler,Yıllar,altında,Martta,Vasıtasıyla,Kitap,sonra,Deniz,Daha,Birçok,Haham,Diğer,Farklı,değer,Aralıkta,ne,Bölgede,oğlum,iki,Nisan,Şubatta,Kasım&#39;da,kural,salon,dışarı çıktı,Yıllar içinde,Ülke,Temmuz,Oldu,Yazdı,Sırasında,Grup,Daha,diğerleri,Resmi,ilk,Taşındı,metre,göre,porsiyon,Yıl,görevde,kendisi,araç,arasında,Bir kişi,ona,internet,Üye,Dünyada,şu anda,Sesler,Da,Mişnat,sayaç,içinde,geldi,Şampiyonada,gibi,askeri,dahil olmak üzere,koca,film,Şirket,Daha ziyade,onları,çok,Fransa,ittifak,Japonya,Cyrus,Çeşitli,İle,Kudüs,Görmek,ek,Sonra,Biraz,vasıtasıyla,Seçimde,zaman,incelik,KADIN,Almanya,Alınan,Ve üzerinde,bir milyon,çoğunluk,Bugün,hiçbir şey değil,İçeride,İmparatorluk,Değil,Filmde,Bunun için,yayın Kurulu,İnternette,Deneme,Tarih,oturmak,Kızım,ya sen,Yüz,sadece,Albüm,alan içerisinde,Kurul,Kuvvetler,zaten,İngiliz,son,Hayfa,Hükümet,sonunda,Sosyal,Harika,İnsanlar,Yahudiler,Ve dahası,Ve,bilgi,IDF,çok,Zamanında,biyografi,Elimde,üçüncü,üç,boyunca,fobi,koordinatör,Ve,Başladı,Amca dayı,Oyunda,bir yer,Ülkelerde,Yan tarafa,Grup,Oyun,Sistemler,Devlet,Ara sıra,arkadaşım,büyük,Yayıncılık,Belki,Yüzlü,onların,ofis,Görevli,Avrupa,İlk,Moshe,karşısında,Yahudi,adam,profil,Onun ismi,bakan
of,You,On,he,With,in the year,also,No,On the site,to another,Was,She,between,By,or,Because,It,but,Israel,Until,was,in English,all,External,Links,this,which,United States,head,the first one,More,there were,during,same as,they,one,A number,Home,most,The city,Name,His,at him,when are,so,In order to,to him,Remarks,Crimson,Margins,Nose,him,Yes,the world,to,the book,Headed,this,The first,One,The second,only,War,The sea,there is,Countries,The song,Starting,Then,Council,many,instead of,the second,times,in May,was born,before,In a way,sleep,in her,List,son,If,Another,The war,force,Years,These,In October,Smooth,its,in September,Not,in all,Haim,Spring,on behalf of,Won,In Israel,At home,also,Century,The country,site,together,Following,that he,In addition,You can,her,Against,to be,against,in them,In August,from,Nothing,a day,Mainly,In the same,of,in June,and he,Tel,within,January,since,Intelligence,mature,way,Company,with no,And no,Won,In the city,they,in light of,The years,for,goddess,The councils,Years,under,in March,Through,Book,after,Marine,More,Many,Rabbi,Other,Different,value,In December,what,In the area,my son,two,April,in February,In November,rule,hall,went out,In years,Country,July,Was,Wrote,During,The group,More,others,The official,first,Moved,meter,as per,portion,Year,on duty,himself,tool,among,A person,her,the Internet,Member,In the world,currently,Voices,Da,Mishnat,counter,within,has come,In the championship,such as,the military,including,husband,the film,The company,But rather,them,multi,France,alliance,Japan,Cyrus,Various,With,Jerusalem,See,additional,Then,Some,through,In the election,time,subtlety,women,Germany,Received,And on,one million,majority,Today,nothing,Inside,The Empire,Is not,In the movie,For that,editorial board,On the net,The trial,history,sit,My daughter,and you,Face,only,The album,in the field,Committee,Forces,already,the British,the final,Haifa,The government,at the end,Social,The great,People,The Jews,And more,And,information,IDF,is very,On time,biography,In my hand,the third,three,along,phobia,coordinator,And,Began,Uncle,In the game,a place,In countries,To the side,Group,The game,Systems,Government,Sometimes,my friend,big,Publishing,Might,Faced,their,office,The incumbent,Europe,First,Moshe,opposite,Jewish,man,profile,His name,minister
